eid,manhatten_div,path_time_div,is_sp_pne,Potential,SP1(1),SP(2),SP2(1),SP2(2),SP1|SP2,Individual Time In Optimal Social Welfare,Optimal Social Welfare,Min-Min,Individual Time In Min-Min,Min-Max,Individual Time In Min-Max,Min-Sum,Individual Time In Min-Sum,Min-Avg,Individual Time In Min-Avg,Min-Abs,Individual Time In Min-Abs,Max-Min-Surplus,Individual Time In Max-Min-Surplus,Max-Min-Improvement,Individual Time In Max-Min-Improvement,Max-Avg-Improvement,Individual Time In Max-Avg-Improvement,MAX-Nash-Value,Individual Time In MAX-Nash-Value,MIN-Nash-Value,Individual Time In MIN-Nash-Value,MIN-Sum-Surplus,Individual Time In MIN-Sum-Surplus,Nash,Individual Time In Nash,Kalai,Individual Time In Kalai,Egalitarian,Individual Time In Egalitarian,Utilitarian,Individual Time In Utilitarian,PoA,PoS
f8f5cc27-8a2d-450b-a135-a29ad78f0277,0,22,False,"[(166, 177), (184, 173)]",508,474,166,159,508,166,343,343,166,343,166,343,166,343,166,343,166,357,184,357,184,343,166,343,166,357,184,343,166,343.0,166.0,345.82220000000007,169.6286,357.0,184.0,343.0,166.0,0.9607843137254902,1.0
f8f5cc27-8a2d-450b-a135-a29ad78f0277,0,22,False,"[(177, 166), (173, 184)]",474,508,159,166,474,177,343,343,177,343,177,343,177,343,177,343,177,357,173,357,173,343,177,343,177,357,173,343,177,343.0,177.0,345.82220000000007,176.1936,357.0,173.0,343.0,177.0,0.9607843137254902,1.0
b8f9feca-2113-4ca3-b3b1-7641dc31215a,1,1,False,"[(117, 94), (114, 103), (102, 113)]",232,266,76,85,232,108,205,211,117,215,102,211,117,211,117,217,114,215,102,215,102,211,117,215,102,217,114,211,117,213.772,106.6053,213.0435,109.3366,215.0,102.0,211.0,117.0,0.9447004608294932,0.971563981042654
b8f9feca-2113-4ca3-b3b1-7641dc31215a,1,1,False,"[(94, 117), (103, 114), (113, 102)]",266,232,85,76,266,97,205,211,94,215,113,211,94,211,94,217,103,215,113,215,113,211,94,215,113,217,103,211,94,213.772,107.1667,213.0435,103.7069,215.0,113.0,211.0,94.0,0.9447004608294932,0.971563981042654
1a55e941-53ed-48a5-b4ef-3367cfe3aad2,2,22,False,"[(53, 76), (79, 68)]",200,200,39,42,200,56,123,129,53,129,53,129,53,129,53,147,79,129,53,129,53,129,53,129,53,147,79,129,53,129.0,53.0,133.5937,59.6354,141.1764,70.5882,129.0,53.0,0.8367346938775511,0.9534883720930232
1a55e941-53ed-48a5-b4ef-3367cfe3aad2,2,22,False,"[(76, 53), (68, 79)]",200,200,42,39,200,67,123,129,76,129,76,129,76,129,76,147,68,129,76,129,76,129,76,129,76,147,68,129,76,129.0,76.0,133.5937,73.9583,141.1764,70.5882,129.0,76.0,0.8367346938775511,0.9534883720930232
cc384b0e-99a3-4909-b8f6-7778e4a14cfd,3,23,True,"[(130, 107), (91, 114)]",298,320,77,87,298,94,199,205,91,205,91,205,91,205,91,237,130,205,91,205,91,205,91,205,91,237,130,205,91,205.0,91.0,209.7527,96.7924,205.6956,91.8478,205.0,91.0,0.8396624472573839,0.9707317073170731
cc384b0e-99a3-4909-b8f6-7778e4a14cfd,3,23,True,"[(107, 130), (114, 91)]",320,298,87,77,320,105,199,205,114,205,114,205,114,205,114,237,107,205,114,205,114,205,114,205,114,237,107,205,114,205.0,114.0,209.7527,112.9603,205.6956,113.8478,205.0,114.0,0.8396624472573839,0.9707317073170731
cf1253ad-c16c-4e67-9734-9b2effa3932c,0,0,False,"[(79, 102), (97, 74)]",210,244,65,60,210,97,171,171,97,171,97,171,97,171,97,181,79,181,79,181,79,171,97,171,97,181,79,171,97,171.0179,96.9676,175.54809999999998,88.8133,181.0,79.0,171.0,97.0,0.9447513812154696,1.0
cf1253ad-c16c-4e67-9734-9b2effa3932c,0,0,False,"[(102, 79), (74, 97)]",244,210,60,65,244,74,171,171,74,171,74,171,74,171,74,181,102,181,102,181,102,171,74,171,74,181,102,171,74,171.0179,74.0503,175.54809999999998,86.7348,181.0,102.0,171.0,74.0,0.9447513812154696,1.0
056fc65c-632a-4515-803f-1f0bcba0ecca,1,11,False,"[(60, 49), (51, 74)]",210,188,42,35,210,60,109,109,60,109,60,109,60,109,60,109,60,109,60,109,60,109,60,109,60,125,51,109,60,109.0,60.0,112.83010000000002,57.84559999999999,109.0,60.0,109.0,60.0,0.872,1.0
056fc65c-632a-4515-803f-1f0bcba0ecca,1,11,False,"[(49, 60), (74, 51)]",188,210,35,42,188,49,109,109,49,109,49,109,49,109,49,109,49,109,49,109,49,109,49,109,49,125,74,109,49,109.0,49.0,112.83010000000002,54.9845,109.0,49.0,109.0,49.0,0.872,1.0
5c7b8ca4-678f-46de-8a5d-1865bd20a697,2,22,False,"[(69, 102), (87, 98), (104, 71)]",244,210,67,60,244,69,171,171,69,185,87,171,69,171,69,185,87,175,104,175,104,175,104,175,104,185,87,171,69,174.03229999999996,95.5323,173.1089,87.45240000000001,175.0,104.0,171.0,69.0,0.9243243243243244,1.0
5c7b8ca4-678f-46de-8a5d-1865bd20a697,2,22,False,"[(102, 69), (98, 87), (71, 104)]",210,244,60,67,210,102,171,171,102,185,98,171,102,171,102,185,98,175,71,175,71,175,71,175,71,185,98,171,102,174.03229999999996,78.5,173.1089,85.6565,175.0,71.0,171.0,102.0,0.9243243243243244,1.0
ba8c8f27-e8a6-49e2-8503-4b7744372506,0,0,False,"[(81, 58), (56, 67)]",190,144,47,44,190,56,123,123,56,123,56,123,56,123,56,123,56,139,81,139,81,123,56,123,56,139,81,123,56,123.0,56.0,128.74970000000002,64.9839,139.0,81.0,123.0,56.0,0.8848920863309353,1.0
ba8c8f27-e8a6-49e2-8503-4b7744372506,0,0,False,"[(58, 81), (67, 56)]",144,190,44,47,144,67,123,123,67,123,67,123,67,123,67,123,67,139,58,139,58,123,67,123,67,139,58,123,67,123.0,67.0,128.74970000000002,63.7658,139.0,58.0,123.0,67.0,0.8848920863309353,1.0
68cf2485-7814-4099-8c84-ac4ee18822f4,0,0,False,"[(184, 207), (225, 202)]",562,608,170,189,562,187,385,391,184,391,184,391,184,391,184,391,184,391,184,391,184,391,184,391,184,427,225,391,184,391.0,184.0,394.6707,188.1805,391.0,184.0,391.0,184.0,0.9016393442622952,0.9846547314578004
68cf2485-7814-4099-8c84-ac4ee18822f4,0,0,False,"[(207, 184), (202, 225)]",608,562,189,170,608,198,385,391,207,391,207,391,207,391,207,391,207,391,207,391,207,391,207,391,207,427,202,391,207,391.0,207.0,394.6707,206.4902,391.0,207.0,391.0,207.0,0.9016393442622952,0.9846547314578004
fd7575f0-587b-451b-a262-1d19c55a6ad9,3,23,False,"[(108, 97), (82, 105)]",232,200,55,38,232,85,181,187,82,187,82,187,82,187,82,205,108,205,108,205,108,187,82,187,82,205,108,187,82,187.0,82.0,192.5699,90.0454,205.0,108.0,187.0,82.0,0.8829268292682927,0.9679144385026738
fd7575f0-587b-451b-a262-1d19c55a6ad9,3,23,False,"[(97, 108), (105, 82)]",200,232,38,55,200,96,181,187,105,187,105,187,105,187,105,205,97,205,97,205,97,187,105,187,105,205,97,187,105,187.0,105.0,192.5699,102.5245,205.0,97.0,187.0,105.0,0.8829268292682927,0.9679144385026738
5a21de4e-6d47-4859-8f8c-03007d8efb23,1,1,False,"[(80, 69), (48, 71)]",210,222,39,42,210,51,113,119,48,119,48,119,48,119,48,149,80,119,48,119,48,119,48,119,48,149,80,119,48,119.0,48.0,120.8621,49.9862,128.7058,58.352900000000005,119.0,48.0,0.7583892617449665,0.9495798319327732
5a21de4e-6d47-4859-8f8c-03007d8efb23,1,1,False,"[(69, 80), (71, 48)]",222,210,42,39,222,62,113,119,71,119,71,119,71,119,71,149,69,119,71,119,71,119,71,119,71,149,69,119,71,119.0,71.0,120.8621,70.8759,128.7058,70.3529,119.0,71.0,0.7583892617449665,0.9495798319327732
6bf5cc43-8b15-464c-a3f5-4dc326fbc165,2,22,False,"[(87, 64), (62, 73)]",210,244,39,55,210,62,135,135,62,135,62,135,62,135,62,135,62,135,62,135,62,135,62,135,62,151,87,135,62,135.0,62.0,138.65430000000003,67.7099,135.0,62.0,135.0,62.0,0.8940397350993378,1.0
6bf5cc43-8b15-464c-a3f5-4dc326fbc165,2,22,False,"[(64, 87), (73, 62)]",244,210,55,39,244,73,135,135,73,135,73,135,73,135,73,135,73,135,73,135,73,135,73,135,73,151,64,135,73,135.0,73.0,138.65430000000003,70.9444,135.0,73.0,135.0,73.0,0.8940397350993378,1.0
623795e4-62ec-4c80-9df3-b4951b7efd77,3,23,False,"[(98, 109), (123, 100)]",210,244,66,82,210,98,207,207,98,207,98,207,98,207,98,207,98,207,98,207,98,207,98,207,98,223,123,207,98,207.0,98.0,210.5,103.4688,207.0,98.0,207.0,98.0,0.9282511210762332,1.0
623795e4-62ec-4c80-9df3-b4951b7efd77,3,23,False,"[(109, 98), (100, 123)]",244,210,82,66,244,109,207,207,109,207,109,207,109,207,109,207,109,207,109,207,109,207,109,207,109,223,100,207,109,207.0,109.0,210.5,107.0312,207.0,109.0,207.0,109.0,0.9282511210762332,1.0
4bb55ab0-94d6-49a1-b96d-09711ff82c31,1,1,False,"[(65, 88), (69, 80)]",210,244,51,61,210,68,147,153,65,149,69,149,69,149,69,149,69,153,65,149,69,149,69,149,69,153,65,149,69,149.0,69.0,150.44500000000005,67.55510000000001,153.0,65.0,149.0,69.0,0.9607843137254902,0.9865771812080536
4bb55ab0-94d6-49a1-b96d-09711ff82c31,1,1,False,"[(88, 65), (80, 69)]",244,210,61,51,244,79,147,153,88,149,80,149,80,149,80,149,80,153,88,149,80,149,80,149,80,153,88,149,80,149.0,80.0,150.44500000000005,82.88990000000001,153.0,88.0,149.0,80.0,0.9607843137254902,0.9865771812080536
d0bf5fa1-ca9f-48be-9831-fce1c030c352,1,11,False,"[(79, 90), (95, 72)]",210,210,68,61,210,86,161,167,95,169,79,167,95,167,95,169,79,169,79,169,79,167,95,167,95,169,79,167,95,167.47910000000002,91.1666,167.9671,87.2628,168.353,84.1765,167.0,95.0,0.9526627218934912,0.9640718562874252
d0bf5fa1-ca9f-48be-9831-fce1c030c352,1,11,False,"[(90, 79), (72, 95)]",210,210,61,68,210,75,161,167,72,169,90,167,72,167,72,169,90,169,90,169,90,167,72,167,72,169,90,167,72,167.47910000000002,76.3125,167.9671,80.70429999999999,168.353,84.1765,167.0,72.0,0.9526627218934912,0.9640718562874252
9d293d42-5d87-4c11-929b-4e3eb3b051b3,3,23,True,"[(104, 203), (120, 175), (143, 154)]",210,276,70,86,210,84,279,307,104,297,143,295,120,295,120,297,143,295,120,295,120,295,120,295,120,307,104,295,120,295.0,120.0,295.1089,121.2524,298.0,116.0,295.0,120.0,0.9087947882736156,0.9457627118644067
9d293d42-5d87-4c11-929b-4e3eb3b051b3,3,23,True,"[(203, 104), (175, 120), (154, 143)]",276,210,86,70,276,195,279,307,203,297,154,295,175,295,175,297,154,295,175,295,175,295,175,295,175,307,203,295,175,295.0,175.0,295.1089,173.85649999999998,298.0,182.0,295.0,175.0,0.9087947882736156,0.9457627118644067
adea9226-8c9e-45a9-aabf-c5f07c10ea3f,1,11,False,"[(90, 67), (64, 87), (82, 71)]",200,166,55,53,200,81,151,151,64,153,82,151,64,151,64,153,82,157,90,153,82,153,82,153,82,151,64,151,64,153.0,82.0,152.37439999999998,76.3699,157.0,90.0,151.0,64.0,0.961783439490446,1.0
adea9226-8c9e-45a9-aabf-c5f07c10ea3f,1,11,False,"[(67, 90), (87, 64), (71, 82)]",166,200,53,55,166,70,151,151,87,153,71,151,87,151,87,153,71,157,67,153,71,153,71,153,71,151,87,151,87,153.0,71.0,152.37439999999998,76.0045,157.0,67.0,151.0,87.0,0.961783439490446,1.0
83380bcd-44c6-4e45-9966-48da255e0407,0,0,False,"[(70, 59), (57, 68), (53, 76)]",210,244,39,47,210,56,123,129,53,125,57,125,57,125,57,129,70,129,53,125,57,125,57,125,57,129,70,125,57,125.00009999999996,57.0001,125.70510000000002,59.29150000000001,129.0,53.0,125.0,57.0,0.9534883720930232,0.984
83380bcd-44c6-4e45-9966-48da255e0407,0,0,False,"[(59, 70), (68, 57), (76, 53)]",244,210,47,39,244,67,123,129,76,125,68,125,68,125,68,129,59,129,76,125,68,125,68,125,68,129,59,125,68,125.00009999999996,68.0,125.70510000000002,66.4136,129.0,76.0,125.0,68.0,0.9534883720930232,0.984
c63b3b92-63cc-4d8a-bb28-3721083cbcb1,2,23,False,"[(160, 171), (183, 160)]",364,442,111,142,364,160,331,331,160,331,160,331,160,331,160,331,160,331,160,331,160,331,160,331,160,343,183,331,160,331.0,160.0,334.08450000000005,165.912,331.0,160.0,331.0,160.0,0.9650145772594751,1.0
c63b3b92-63cc-4d8a-bb28-3721083cbcb1,2,23,False,"[(171, 160), (160, 183)]",442,364,142,111,442,171,331,331,171,331,171,331,171,331,171,331,171,331,171,331,171,331,171,331,171,343,160,331,171,331.0,171.0,334.08450000000005,168.1725,331.0,171.0,331.0,171.0,0.9650145772594751,1.0
6588953b-f8c7-4fd3-b542-d4e36a53dc4f,2,12,False,"[(157, 168), (173, 162)]",408,442,146,159,408,157,325,325,157,325,157,325,157,325,157,325,157,325,157,325,157,325,157,325,157,335,173,325,157,325.0,157.0,327.5159,161.0254,325.0,157.0,325.0,157.0,0.9701492537313432,1.0
6588953b-f8c7-4fd3-b542-d4e36a53dc4f,2,12,False,"[(168, 157), (162, 173)]",442,408,159,146,442,168,325,325,168,325,168,325,168,325,168,325,168,325,168,325,168,325,168,325,168,335,162,325,168,325.0,168.0,327.5159,166.4905,325.0,168.0,325.0,168.0,0.9701492537313432,1.0
1ec9d528-049e-4ea0-95b0-c909856a1568,2,22,False,"[(56, 67), (47, 70), (69, 58), (72, 49)]",200,188,39,35,200,60,109,117,47,123,56,117,47,117,47,123,56,127,69,127,69,117,47,117,47,127,69,117,47,118.00189999999998,53.262,118.9216,59.0103,120.04340000000002,66.02170000000001,117.0,47.0,0.8582677165354331,0.9316239316239316
1ec9d528-049e-4ea0-95b0-c909856a1568,2,22,False,"[(67, 56), (70, 47), (58, 69), (49, 72)]",188,200,35,39,188,49,109,117,70,123,67,117,70,117,70,123,67,127,58,127,58,117,70,117,70,127,58,117,70,118.00189999999998,64.7399,118.9216,59.91130000000001,120.04340000000002,54.02170000000001,117.0,70.0,0.8582677165354331,0.9316239316239316
3830bd07-2702-4989-acfc-4be73bdb7fa8,3,23,False,"[(105, 82), (101, 124)]",210,244,60,64,210,96,181,187,105,187,105,187,105,187,105,187,105,225,101,187,105,187,105,187,105,225,101,187,105,187.0,105.0,191.7118,104.504,225.0,101.0,187.0,105.0,0.8044444444444444,0.9679144385026738
3830bd07-2702-4989-acfc-4be73bdb7fa8,3,23,False,"[(82, 105), (124, 101)]",244,210,64,60,244,85,181,187,82,187,82,187,82,187,82,187,82,225,124,187,82,187,82,187,82,225,124,187,82,187.0,82.0,191.7118,87.20779999999999,225.0,124.0,187.0,82.0,0.8044444444444444,0.9679144385026738
7cb1c8fb-a3d0-4792-81dc-c45819a3a064,2,22,False,"[(103, 92), (99, 110)]",222,210,98,69,222,103,195,195,103,195,103,195,103,195,103,195,103,195,103,195,103,195,103,195,103,209,99,195,103,195.0,103.0,197.4602,102.2971,195.0,103.0,195.0,103.0,0.9330143540669856,1.0
7cb1c8fb-a3d0-4792-81dc-c45819a3a064,2,22,False,"[(92, 103), (110, 99)]",210,222,69,98,210,92,195,195,92,195,92,195,92,195,92,195,92,195,92,195,92,195,92,195,92,209,110,195,92,195.0,92.0,197.4602,95.1631,195.0,92.0,195.0,92.0,0.9330143540669856,1.0
5275e3d4-8a6a-4f67-ad42-300985c0621f,2,22,False,"[(53, 64), (70, 47)]",200,200,39,38,200,70,117,117,70,117,53,117,53,117,53,117,53,117,53,117,53,117,53,117,53,117,70,117,53,117.0,58.5,117.0,61.33000000000001,117.0,58.5,117.0,70.0,1.0,1.0
5275e3d4-8a6a-4f67-ad42-300985c0621f,2,22,False,"[(64, 53), (47, 70)]",200,200,38,39,200,47,117,117,47,117,64,117,64,117,64,117,64,117,64,117,64,117,64,117,64,117,47,117,64,117.0,58.5,117.0,55.66999999999999,117.0,58.5,117.0,47.0,1.0,1.0
dc74bd60-1d48-48ca-98b2-7c3b191f0876,0,0,False,"[(74, 85), (91, 68)]",190,144,64,54,190,82,153,159,91,159,74,159,74,159,74,159,74,159,91,159,91,159,91,159,91,159,74,159,74,159.0,90.9972,159.0,84.2708,159.0,91.0,159.0,91.0,0.9622641509433962,0.9622641509433962
dc74bd60-1d48-48ca-98b2-7c3b191f0876,0,0,False,"[(85, 74), (68, 91)]",144,190,54,64,144,71,153,159,68,159,85,159,85,159,85,159,85,159,68,159,68,159,68,159,68,159,85,159,85,159.0,68.0028,159.0,74.7292,159.0,68.0,159.0,68.0,0.9622641509433962,0.9622641509433962
de00e82a-ad0c-4c94-ab33-76bd531bf3db,1,11,False,"[(53, 76), (71, 60), (62, 73), (74, 51)]",210,188,39,42,210,65,119,125,74,131,71,125,74,125,74,131,71,125,74,131,71,125,74,125,74,135,62,125,74,125.0,74.0,126.69189999999998,65.11779999999999,125.087,73.5435,125.0,74.0,0.8814814814814815,0.952
de00e82a-ad0c-4c94-ab33-76bd531bf3db,1,11,False,"[(76, 53), (60, 71), (73, 62), (51, 74)]",188,210,42,39,188,54,119,125,51,131,60,125,51,125,51,131,60,125,51,131,60,125,51,125,51,135,73,125,51,125.0,51.0,126.69189999999998,61.5741,125.087,51.5435,125.0,51.0,0.8814814814814815,0.952
b52892e3-da76-40e0-9613-c769a609eb81,0,0,False,"[(95, 84), (66, 89)]",210,256,52,71,210,69,149,155,66,155,66,155,66,155,66,179,95,155,66,155,66,155,66,155,66,179,95,155,66,155.0,66.0,158.02729999999997,69.65799999999999,155.0,66.0,155.0,66.0,0.8324022346368715,0.9612903225806452
b52892e3-da76-40e0-9613-c769a609eb81,0,0,False,"[(84, 95), (89, 66)]",256,210,71,52,256,80,149,155,89,155,89,155,89,155,89,179,84,155,89,155,89,155,89,155,89,179,84,155,89,155.0,89.0,158.02729999999997,88.36930000000001,155.0,89.0,155.0,89.0,0.8324022346368715,0.9612903225806452
cab914c8-0899-4084-9d9a-fa005300e166,1,11,False,"[(98, 75), (68, 91), (72, 83)]",210,188,57,60,210,71,153,159,68,155,72,155,72,155,72,155,72,173,98,155,72,155,72,155,72,173,98,155,72,155.0001,72.0001,158.022,76.36519999999999,172.4706,97.2353,155.0,72.0,0.884393063583815,0.9870967741935484
cab914c8-0899-4084-9d9a-fa005300e166,1,11,False,"[(75, 98), (91, 68), (83, 72)]",188,210,60,57,188,82,153,159,91,155,83,155,83,155,83,155,83,173,75,155,83,155,83,155,83,173,75,155,83,155.0001,83.0,158.022,81.6568,172.4706,75.2353,155.0,83.0,0.884393063583815,0.9870967741935484
fbb8b9d8-9788-4c70-820e-137d1291a47b,1,11,False,"[(75, 86), (93, 82), (96, 73)]",254,254,64,64,254,75,161,169,96,161,75,161,75,161,75,161,75,161,75,161,75,161,75,161,75,175,93,161,75,161.0,75.0,164.03790000000004,82.9744,163.58819999999997,81.79409999999999,161.0,75.0,0.92,1.0
fbb8b9d8-9788-4c70-820e-137d1291a47b,1,11,False,"[(86, 75), (82, 93), (73, 96)]",254,254,64,64,254,86,161,169,73,161,86,161,86,161,86,161,86,161,86,161,86,161,86,161,86,175,82,161,86,161.0,86.0,164.03790000000004,81.0635,163.58819999999997,81.79409999999999,161.0,86.0,0.92,1.0
7fad2810-478c-4df1-b728-f428b5e2089f,1,1,False,"[(36, 59), (43, 32), (54, 31)]",90,78,27,22,90,43,75,85,54,75,43,75,43,75,43,75,43,75,43,75,43,75,43,75,43,95,36,75,43,75.0,43.0,78.0778,41.9228,75.8334,43.9167,75.0,43.0,0.7894736842105263,1.0
7fad2810-478c-4df1-b728-f428b5e2089f,1,1,False,"[(59, 36), (32, 43), (31, 54)]",78,90,22,27,78,32,75,85,31,75,32,75,32,75,32,75,32,75,32,75,32,75,32,75,32,95,59,75,32,75.0,32.0,78.0778,36.155,75.8334,31.9167,75.0,32.0,0.7894736842105263,1.0
a5f5bdfa-41ee-4ce9-b2b1-e91d8f120d39,2,22,False,"[(52, 29), (49, 38), (36, 47)]",90,78,25,15,90,43,75,81,52,83,36,81,52,81,52,87,49,87,49,87,49,81,52,81,52,87,49,81,52,81.3473,49.222,81.8929,44.8565,81.647,46.8235,81.0,52.0,0.8620689655172413,0.925925925925926
a5f5bdfa-41ee-4ce9-b2b1-e91d8f120d39,2,22,False,"[(29, 52), (38, 49), (47, 36)]",78,90,15,25,78,32,75,81,29,83,47,81,29,81,29,87,38,87,38,87,38,81,29,81,29,87,38,81,29,81.3473,32.1253,81.8929,37.0364,81.647,34.8235,81.0,29.0,0.8620689655172413,0.925925925925926
cad20635-4c5e-4764-85f1-91b0fa7f16c1,2,22,False,"[(42, 65), (45, 56), (54, 43)]",90,90,31,23,90,54,97,107,42,97,54,97,54,97,54,101,45,97,54,97,54,97,54,97,54,107,42,97,54,97.0,54.0,99.1548,49.1519,99.0,49.5,97.0,54.0,0.9065420560747663,1.0
cad20635-4c5e-4764-85f1-91b0fa7f16c1,2,22,False,"[(65, 42), (56, 45), (43, 54)]",90,90,23,31,90,43,97,107,65,97,43,97,43,97,43,101,56,97,43,97,43,97,43,97,43,107,65,97,43,97.0,43.0,99.1548,50.0029,99.0,49.5,97.0,43.0,0.9065420560747663,1.0
5932e95e-315e-4688-ae34-75dd845cedf7,2,12,False,"[(58, 47), (42, 53)]",100,112,28,27,100,42,95,95,42,95,42,95,42,95,42,105,58,95,42,95,42,95,42,95,42,105,58,95,42,95.0,42.0,97.5072,46.0115,95.0,42.0,95.0,42.0,0.9047619047619048,1.0
5932e95e-315e-4688-ae34-75dd845cedf7,2,12,False,"[(47, 58), (53, 42)]",112,100,27,28,112,53,95,95,53,95,53,95,53,95,53,105,47,95,53,95,53,95,53,95,53,105,47,95,53,95.0,53.0,97.5072,51.4957,95.0,53.0,95.0,53.0,0.9047619047619048,1.0
a3c034be-8061-4a49-8f9e-984cb809e144,2,22,False,"[(54, 31), (42, 53), (33, 56)]",90,90,19,22,90,45,79,85,54,95,42,85,54,85,54,95,42,95,42,95,42,85,54,85,54,95,42,85,54,86.29140000000001,47.2199,86.8604,44.2331,87.0,43.5,85.0,54.0,0.8315789473684211,0.9294117647058824
a3c034be-8061-4a49-8f9e-984cb809e144,2,22,False,"[(31, 54), (53, 42), (56, 33)]",90,90,22,19,90,34,79,85,31,95,53,85,31,85,31,95,53,95,53,95,53,85,31,85,31,95,53,85,31,86.29140000000001,39.0715,86.8604,42.6273,87.0,43.5,85.0,31.0,0.8315789473684211,0.9294117647058824
01f9e1bd-252c-45e4-94b3-685dab28c1d9,0,0,False,"[(59, 48), (62, 39), (33, 56)]",100,146,19,30,100,33,89,89,33,89,33,89,33,89,33,107,59,89,33,89,33,89,33,89,33,107,59,89,33,89.0,33.0,92.2221,40.7867,89.0,33.0,89.0,33.0,0.8317757009345794,1.0
01f9e1bd-252c-45e4-94b3-685dab28c1d9,0,0,False,"[(48, 59), (39, 62), (56, 33)]",146,100,30,19,146,56,89,89,56,89,56,89,56,89,56,107,48,89,56,89,56,89,56,89,56,107,48,89,56,89.0,56.0,92.2221,51.4354,89.0,56.0,89.0,56.0,0.8317757009345794,1.0
d6ff7e7e-cb81-485e-8b89-01f619b1a0de,0,0,False,"[(41, 52), (37, 60), (62, 51)]",100,146,23,33,100,40,91,97,37,93,41,93,41,93,41,93,41,97,37,93,41,93,41,93,41,113,62,93,41,93.0,41.0,94.43439999999998,39.5656,97.0,37.0,93.0,41.0,0.8053097345132744,0.978494623655914
d6ff7e7e-cb81-485e-8b89-01f619b1a0de,0,0,False,"[(52, 41), (60, 37), (51, 62)]",146,100,33,23,146,51,91,97,60,93,52,93,52,93,52,93,52,97,60,93,52,93,52,93,52,113,51,93,52,93.0,52.0,94.43439999999998,54.86879999999999,97.0,60.0,93.0,52.0,0.8053097345132744,0.978494623655914
a619d952-d905-46c8-b2c8-c9fb1a90f1b3,1,1,True,"[(50, 61), (51, 28)]",112,100,22,19,112,42,73,79,51,79,51,79,51,79,51,111,50,79,51,79,51,79,51,79,51,111,50,79,51,79.0,51.0,80.08779999999999,50.966,89.353,50.6765,79.0,51.0,0.6576576576576577,0.9240506329113924
a619d952-d905-46c8-b2c8-c9fb1a90f1b3,1,1,True,"[(61, 50), (28, 51)]",100,112,19,22,100,31,73,79,28,79,28,79,28,79,28,111,61,79,28,79,28,79,28,79,28,111,61,79,28,79.0,28.0,80.08779999999999,29.121799999999997,89.353,38.6765,79.0,28.0,0.6576576576576577,0.9240506329113924
e9ce8487-b8d5-4773-b7d5-c0326e34f551,2,22,False,"[(102, 57), (90, 123)]",178,156,70,57,178,102,159,159,102,159,102,159,102,159,102,213,90,159,102,159,102,159,102,159,102,213,90,159,102,159.0,102.0,168.1698,99.9623,174.923,98.4615,159.0,102.0,0.7464788732394366,1.0
e9ce8487-b8d5-4773-b7d5-c0326e34f551,2,22,False,"[(57, 102), (123, 90)]",156,178,57,70,156,57,159,159,57,159,57,159,57,159,57,213,123,159,57,159,57,159,57,159,57,213,123,159,57,159.0,57.0,168.1698,68.2075,174.923,76.4615,159.0,57.0,0.7464788732394366,1.0
b68a2fa8-d834-4042-842a-4676e1ee1712,2,22,False,"[(45, 56), (36, 59), (70, 47)]",90,78,27,33,90,36,95,95,36,101,45,95,36,95,36,101,45,101,45,101,45,95,36,95,36,117,70,95,36,95.0592,36.0915,103.3761,48.9448,111.7392,61.8696,95.0,36.0,0.811965811965812,1.0
b68a2fa8-d834-4042-842a-4676e1ee1712,2,22,False,"[(56, 45), (59, 36), (47, 70)]",78,90,33,27,78,59,95,95,59,101,56,95,59,95,59,101,56,101,56,101,56,95,59,95,59,117,47,95,59,95.0592,58.9677,103.3761,54.4313,111.7392,49.8696,95.0,59.0,0.811965811965812,1.0
79f1e6b0-6f79-4ba7-a1ad-6cb03868d7b1,0,0,False,"[(44, 21), (36, 25)]",80,34,26,7,80,35,59,65,44,61,36,61,36,61,36,61,36,65,44,65,44,65,44,65,44,61,36,61,36,65.0,44.0,63.5143,41.0286,65.0,44.0,61.0,36.0,0.9076923076923076,0.9672131147540984
79f1e6b0-6f79-4ba7-a1ad-6cb03868d7b1,0,0,False,"[(21, 44), (25, 36)]",34,80,7,26,34,24,59,65,21,61,25,61,25,61,25,61,25,65,21,65,21,65,21,65,21,61,25,61,25,65.0,21.0,63.5143,22.4857,65.0,21.0,61.0,25.0,0.9076923076923076,0.9672131147540984
52231567-a074-4b3e-ad94-7393ef25c98c,2,22,False,"[(33, 44), (50, 27)]",90,90,18,18,90,41,71,77,50,77,33,77,33,77,33,77,33,77,33,77,33,77,33,77,33,77,50,77,33,77.0,38.5,77.0,41.075,77.0,38.5,77.0,50.0,0.922077922077922,0.922077922077922
52231567-a074-4b3e-ad94-7393ef25c98c,2,22,False,"[(44, 33), (27, 50)]",90,90,18,18,90,30,71,77,27,77,44,77,44,77,44,77,44,77,44,77,44,77,44,77,44,77,27,77,44,77.0,38.5,77.0,35.925,77.0,38.5,77.0,27.0,0.922077922077922,0.922077922077922
da005e76-a095-4976-8c1f-abb82ad902fc,0,0,True,"[(80, 69), (63, 86)]",100,156,28,49,100,63,149,149,63,149,80,149,80,149,80,149,80,149,63,149,63,149,63,149,63,149,80,149,80,149.0,63.0,149.0,68.0726,149.0,63.0,149.0,63.0,1.0,1.0
da005e76-a095-4976-8c1f-abb82ad902fc,0,0,True,"[(69, 80), (86, 63)]",156,100,49,28,156,86,149,149,86,149,69,149,69,149,69,149,69,149,86,149,86,149,86,149,86,149,69,149,69,149.0,86.0,149.0,80.9274,149.0,86.0,149.0,86.0,1.0,1.0
39e91ce1-d640-42ff-85e3-8039aa85a79e,1,11,False,"[(46, 57), (41, 64)]",100,100,28,28,100,37,97,105,41,103,46,103,46,103,46,103,46,103,46,103,46,103,46,103,46,105,41,103,46,103.0,46.0,103.6847,44.2882,103.0,46.0,103.0,46.0,0.923809523809524,0.941747572815534
39e91ce1-d640-42ff-85e3-8039aa85a79e,1,11,False,"[(57, 46), (64, 41)]",100,100,28,28,100,60,97,105,64,103,57,103,57,103,57,103,57,103,57,103,57,103,57,103,57,105,64,103,57,103.0,57.0,103.6847,59.3965,103.0,57.0,103.0,57.0,0.923809523809524,0.941747572815534
cdd8c106-6632-42f4-a655-d5089b704277,3,23,True,"[(88, 99), (62, 117), (44, 121), (37, 136)]",100,144,26,40,100,44,165,173,37,187,88,165,44,165,44,187,88,179,62,179,62,165,44,165,44,173,37,165,44,167.5002,49.0004,172.0,58.0,176.0,66.0,165.0,44.0,0.8823529411764706,1.0
cdd8c106-6632-42f4-a655-d5089b704277,3,23,True,"[(99, 88), (117, 62), (121, 44), (136, 37)]",144,100,40,26,144,121,165,173,136,187,99,165,121,165,121,187,99,179,117,179,117,165,121,165,121,173,136,165,121,167.5002,118.4998,172.0,114.0,176.0,110.0,165.0,121.0,0.8823529411764706,1.0
f8f3440b-3715-4840-a14e-482b6fbfed9f,2,22,False,"[(56, 33), (54, 77)]",90,78,30,19,90,47,83,89,56,89,56,89,56,89,56,89,56,89,56,89,56,89,56,89,56,131,54,89,56,89.0,56.0,91.2581,55.8925,99.0434,55.5217,89.0,56.0,0.6335877862595419,0.9325842696629212
f8f3440b-3715-4840-a14e-482b6fbfed9f,2,22,False,"[(33, 56), (77, 54)]",78,90,19,30,78,36,83,89,33,89,33,89,33,89,33,89,33,89,33,89,33,89,33,89,33,131,77,89,33,89.0,33.0,91.2581,35.3656,99.0434,43.5217,89.0,33.0,0.6335877862595419,0.9325842696629212
71bd582a-a7c2-4630-8e51-4622a635742f,2,12,False,"[(34, 45), (51, 40)]",100,112,23,27,100,34,79,79,34,79,34,79,34,79,34,79,34,79,34,79,34,79,34,79,34,91,51,79,34,79.0,34.0,81.54820000000001,37.61,79.0,34.0,79.0,34.0,0.8681318681318682,1.0
71bd582a-a7c2-4630-8e51-4622a635742f,2,12,False,"[(45, 34), (40, 51)]",112,100,27,23,112,45,79,79,45,79,45,79,45,79,45,79,45,79,45,79,45,79,45,79,45,91,40,79,45,79.0,45.0,81.54820000000001,43.9382,79.0,45.0,79.0,45.0,0.8681318681318682,1.0
5093e9f6-0626-44d9-a777-110e001fd150,2,22,False,"[(76, 153), (72, 171)]",100,222,41,97,100,76,229,243,72,229,76,229,76,229,76,229,76,243,72,229,76,229,76,229,76,243,72,229,76,229.0,76.0,233.9538,74.5846,243.0,72.0,229.0,76.0,0.9423868312757202,1.0
5093e9f6-0626-44d9-a777-110e001fd150,2,22,False,"[(153, 76), (171, 72)]",222,100,97,41,222,153,229,243,171,229,153,229,153,229,153,229,153,243,171,229,153,229,153,229,153,243,171,229,153,229.0,153.0,233.9538,159.3692,243.0,171.0,229.0,153.0,0.9423868312757202,1.0
e68da5ed-36f0-4f62-a004-06bb63dcaa65,2,22,False,"[(49, 38), (36, 47)]",90,78,27,24,90,36,83,83,36,83,36,83,36,83,36,87,49,87,49,87,49,83,36,83,36,87,49,83,36,84.4188,40.6111,84.9324,42.2803,87.0,49.0,83.0,36.0,0.9540229885057472,1.0
e68da5ed-36f0-4f62-a004-06bb63dcaa65,2,22,False,"[(38, 49), (47, 36)]",78,90,24,27,78,47,83,83,47,83,47,83,47,83,47,87,38,87,38,87,38,83,47,83,47,87,38,83,47,84.4188,43.8077,84.9324,42.6521,87.0,38.0,83.0,47.0,0.9540229885057472,1.0
0d9a67c1-b2fc-48ba-9ba6-1646b3ba8591,2,22,False,"[(96, 141), (173, 128)]",420,430,96,88,420,96,237,237,96,237,96,237,96,237,96,237,96,237,96,237,96,237,96,237,96,301,173,237,96,237.0,96.0,246.81459999999996,107.8082,261.88879999999995,125.94439999999996,237.0,96.0,0.7873754152823921,1.0
0d9a67c1-b2fc-48ba-9ba6-1646b3ba8591,2,22,False,"[(141, 96), (128, 173)]",430,420,88,96,430,141,237,237,141,237,141,237,141,237,141,237,141,237,141,237,141,237,141,237,141,301,128,237,141,237.0,141.0,246.81459999999996,139.0064,261.88879999999995,135.94439999999997,237.0,141.0,0.7873754152823921,1.0
7c0f6ae6-9089-4e57-840c-68ba4acbdddb,0,0,False,"[(113, 102), (100, 111)]",430,476,83,91,430,100,211,211,100,211,100,211,100,211,100,215,113,211,100,211,100,211,100,211,100,215,113,211,100,211.0,100.0,212.51690000000008,104.9298,211.0,100.0,211.0,100.0,0.9813953488372092,1.0
7c0f6ae6-9089-4e57-840c-68ba4acbdddb,0,0,False,"[(102, 113), (111, 100)]",476,430,91,83,476,111,211,211,111,211,111,211,111,211,111,215,102,211,111,211,111,211,111,211,111,215,102,211,111,211.0,111.0,212.51690000000008,107.58710000000002,211.0,111.0,211.0,111.0,0.9813953488372092,1.0
56ef3658-ceac-4fd7-91ff-33fa10af653c,1,11,False,"[(166, 99), (151, 206), (147, 214)]",452,386,121,88,452,157,259,265,166,265,166,265,166,265,166,357,151,265,166,265,166,265,166,265,166,361,147,265,166,265.0,166.0,277.9167,163.4436,265.7164,165.8582,265.0,166.0,0.7174515235457064,0.9773584905660376
56ef3658-ceac-4fd7-91ff-33fa10af653c,1,11,False,"[(99, 166), (206, 151), (214, 147)]",386,452,88,121,386,102,259,265,99,265,99,265,99,265,99,357,206,265,99,265,99,265,99,265,99,361,214,265,99,265.0,99.0,277.9167,114.4731,265.7164,99.8582,265.0,99.0,0.7174515235457064,0.9773584905660376
f749949e-f622-4293-ab7f-c2541237e111,2,22,False,"[(192, 225), (222, 211)]",452,464,136,164,452,156,411,417,192,433,222,417,192,417,192,433,222,417,192,417,192,417,192,417,192,433,222,417,192,417.0,192.0,422.1862,201.724,424.6364,206.3182,417.0,192.0,0.9491916859122402,0.9856115107913668
f749949e-f622-4293-ab7f-c2541237e111,2,22,False,"[(225, 192), (211, 222)]",464,452,164,136,464,255,411,417,225,433,211,417,225,417,225,433,211,417,225,417,225,417,225,417,225,433,211,417,225,417.0,225.0,422.1862,220.4622,424.6364,218.3182,417.0,225.0,0.9491916859122402,0.9856115107913668
f1dd403a-7f42-404d-8554-72efd259e129,0,0,False,"[(102, 125), (135, 112)]",430,476,91,103,430,102,227,227,102,227,102,227,102,227,102,227,102,227,102,227,102,227,102,227,102,247,135,227,102,227.0,102.0,232.2396,110.6454,227.0,102.0,227.0,102.0,0.9190283400809716,1.0
f1dd403a-7f42-404d-8554-72efd259e129,0,0,False,"[(125, 102), (112, 135)]",476,430,103,91,476,125,227,227,125,227,125,227,125,227,125,227,125,227,125,227,125,227,125,227,125,247,112,227,125,227.0,125.0,232.2396,121.5942,227.0,125.0,227.0,125.0,0.9190283400809716,1.0
cc691a06-91f9-4cdf-b90a-eeff032d990e,1,11,False,"[(204, 215), (206, 183)]",496,496,164,169,496,197,383,389,206,389,206,389,206,389,206,419,204,389,206,389,206,389,206,389,206,419,204,389,206,389.0,206.0,390.8836,205.8744,409.2942000000001,204.6471,389.0,206.0,0.9140811455847256,0.9845758354755784
cc691a06-91f9-4cdf-b90a-eeff032d990e,1,11,False,"[(215, 204), (183, 206)]",496,496,169,164,496,186,383,389,183,389,183,389,183,389,183,419,215,389,183,389,183,389,183,389,183,419,215,389,183,389.0,183.0,390.8836,185.0092,409.2942000000001,204.6471,389.0,183.0,0.9140811455847256,0.9845758354755784
bff70d2b-983c-4620-860e-5d93c7da3269,3,23,False,"[(139, 150), (128, 151), (145, 122)]",430,452,117,112,430,145,267,267,145,267,145,267,145,267,145,289,139,279,128,289,139,267,145,267,145,289,139,267,145,267.0,145.0,271.6854000000001,138.3623,278.7392,128.3696,267.0,145.0,0.9238754325259516,1.0
bff70d2b-983c-4620-860e-5d93c7da3269,3,23,False,"[(150, 139), (151, 128), (122, 145)]",452,430,112,117,452,122,267,267,122,267,122,267,122,267,122,289,150,279,151,289,150,267,122,267,122,289,150,267,122,267.0,122.0,271.6854000000001,133.3231,278.7392,150.3696,267.0,122.0,0.9238754325259516,1.0
cb49a92e-c2a0-47ed-b723-f6fc2d1c7e34,0,0,False,"[(164, 175), (169, 158), (173, 150)]",464,430,146,136,464,164,317,323,173,327,169,323,173,323,173,339,164,323,173,327,169,323,173,323,173,339,164,323,173,323.0001,173.0,325.8637,170.13639999999998,323.0,173.0,323.0,173.0,0.935103244837758,0.9814241486068112
cb49a92e-c2a0-47ed-b723-f6fc2d1c7e34,0,0,False,"[(175, 164), (158, 169), (150, 173)]",430,464,136,146,430,153,317,323,150,327,158,323,150,323,150,339,175,323,150,327,158,323,150,323,150,339,175,323,150,323.0001,150.00009999999995,325.8637,155.7273,323.0,150.0,323.0,150.0,0.935103244837758,0.9814241486068112
b3ab776f-f39b-40bd-bbf4-ad246d441adf,1,11,False,"[(76, 275), (80, 267)]",265,441,76,146,265,79,345,351,76,347,80,347,80,347,80,347,80,347,80,347,80,347,80,347,80,351,76,347,80,347.0,80.0,348.2608,78.73910000000001,347.0,80.0,347.0,80.0,0.9829059829059827,0.9942363112391932
b3ab776f-f39b-40bd-bbf4-ad246d441adf,1,11,False,"[(275, 76), (267, 80)]",441,265,146,76,441,266,345,351,275,347,267,347,267,347,267,347,267,347,267,347,267,347,267,347,267,351,275,347,267,347.0,267.0,348.2608,269.5217,347.0,267.0,347.0,267.0,0.9829059829059827,0.9942363112391932
25b86954-3db5-4680-906b-eaf5d0798f23,2,22,False,"[(95, 84), (73, 96)]",255,255,62,62,255,73,169,169,73,179,95,169,73,169,73,179,95,179,95,179,95,169,73,169,73,179,95,169,73,169.0,73.0,172.673,81.08070000000001,175.76479999999998,87.88239999999999,169.0,73.0,0.9441340782122905,1.0
25b86954-3db5-4680-906b-eaf5d0798f23,2,22,False,"[(84, 95), (96, 73)]",255,255,62,62,255,96,169,169,96,179,84,169,96,169,96,179,84,179,84,179,84,169,96,169,96,179,84,169,96,169.0,96.0,172.673,91.5923,175.76479999999998,87.88239999999999,169.0,96.0,0.9441340782122905,1.0
d3a99d3c-7240-4619-9767-0c3e6fcb2273,1,11,False,"[(136, 159), (151, 140), (153, 130)]",309,287,103,88,309,144,277,283,153,291,151,283,153,283,153,291,151,283,153,291,151,283,153,283,153,295,136,283,153,283.0,152.9999,287.1671,147.0967,283.2608,152.6304,283.0,153.0,0.9389830508474576,0.978798586572438
d3a99d3c-7240-4619-9767-0c3e6fcb2273,1,11,False,"[(159, 136), (140, 151), (130, 153)]",287,309,88,103,287,133,277,283,130,291,140,283,130,283,130,291,140,283,130,291,140,283,130,283,130,295,159,283,130,283.0,130.0001,287.1671,140.0704,283.2608,130.6304,283.0,130.0,0.9389830508474576,0.978798586572438
a97b01e7-e021-44b8-91ae-04937fa67d73,0,0,False,"[(84, 73), (75, 86)]",245,199,75,50,245,84,157,157,84,157,84,157,84,157,84,157,84,157,84,157,84,157,84,157,84,161,75,157,84,157.0,84.0,158.35649999999998,80.94800000000001,157.0,84.0,157.0,84.0,0.9751552795031057,1.0
a97b01e7-e021-44b8-91ae-04937fa67d73,0,0,False,"[(73, 84), (86, 75)]",199,245,50,75,199,73,157,157,73,157,73,157,73,157,73,157,73,157,73,157,73,157,73,157,73,161,86,157,73,157.0,73.0,158.35649999999998,77.4085,157.0,73.0,157.0,73.0,0.9751552795031057,1.0
27566af3-34cc-4ffb-9da4-fb84e0346ff1,1,11,False,"[(88, 77), (83, 106)]",255,221,79,54,255,88,165,165,88,165,88,165,88,165,88,165,88,165,88,165,88,165,88,165,88,189,83,165,88,165.0,88.0,168.02729999999997,87.36930000000001,165.0,88.0,165.0,88.0,0.873015873015873,1.0
27566af3-34cc-4ffb-9da4-fb84e0346ff1,1,11,False,"[(77, 88), (106, 83)]",221,255,54,79,221,77,165,165,77,165,77,165,77,165,77,165,77,165,77,165,77,165,77,165,77,189,106,165,77,165.0,77.0,168.02729999999997,80.65799999999999,165.0,77.0,165.0,77.0,0.873015873015873,1.0
c387ed64-2771-4694-b928-8ea9a40b7eec,1,11,False,"[(112, 89), (96, 107)]",309,309,78,75,309,103,195,201,112,203,96,201,112,201,112,203,96,203,96,203,96,201,112,201,112,203,96,201,112,201.0043,111.9655,201.95730000000003,104.3416,202.353,101.1765,201.0,112.0,0.9605911330049262,0.9701492537313432
c387ed64-2771-4694-b928-8ea9a40b7eec,1,11,False,"[(89, 112), (107, 96)]",309,309,75,78,309,92,195,201,89,203,107,201,89,201,89,203,107,203,107,203,107,201,89,201,89,203,107,201,89,201.0043,89.03880000000001,201.95730000000003,97.6157,202.353,101.1765,201.0,89.0,0.9605911330049262,0.9701492537313432
be3807bc-1ab8-4534-b0b4-8f474b29b863,2,22,False,"[(57, 68), (86, 63)]",255,221,48,49,255,57,125,125,57,125,57,125,57,125,57,125,57,149,86,125,57,125,57,125,57,149,86,125,57,125.0,57.0,129.26409999999998,62.1525,149.0,86.0,125.0,57.0,0.8389261744966443,1.0
be3807bc-1ab8-4534-b0b4-8f474b29b863,2,22,False,"[(68, 57), (63, 86)]",221,255,49,48,221,68,125,125,68,125,68,125,68,125,68,125,68,149,63,125,68,125,68,125,68,149,63,125,68,125.0,68.0,129.26409999999998,67.11160000000001,149.0,63.0,125.0,68.0,0.8389261744966443,1.0
9e5514cf-a0d0-42bf-b965-ce5874d5ac64,0,0,True,"[(81, 104), (98, 87), (92, 103)]",265,299,70,73,265,84,179,185,81,185,98,185,81,185,81,185,98,185,81,195,92,185,81,185,81,195,92,185,81,185.0,81.0,185.0,88.899,185.0,81.0,185.0,81.0,0.917948717948718,0.9675675675675676
9e5514cf-a0d0-42bf-b965-ce5874d5ac64,0,0,True,"[(104, 81), (87, 98), (103, 92)]",299,265,73,70,299,95,179,185,104,185,87,185,104,185,104,185,87,185,104,195,103,185,104,185,104,195,103,185,104,185.0,104.0,185.0,96.101,185.0,104.0,185.0,104.0,0.917948717948718,0.9675675675675676
97c1925e-c6eb-42d0-a5fb-21fd53e5f601,0,0,False,"[(57, 68), (66, 55), (74, 51)]",245,199,47,37,245,65,119,125,74,121,66,121,66,121,66,125,57,125,74,121,66,121,66,121,66,125,57,121,66,121.0,66.0,121.61440000000005,64.61760000000001,125.0,74.0,121.0,66.0,0.952,0.9834710743801652
97c1925e-c6eb-42d0-a5fb-21fd53e5f601,0,0,False,"[(68, 57), (55, 66), (51, 74)]",199,245,37,47,199,54,119,125,51,121,55,121,55,121,55,125,68,125,51,121,55,121,55,121,55,125,68,121,55,121.0,55.0,121.61440000000005,56.99680000000001,125.0,51.0,121.0,55.0,0.952,0.9834710743801652
4aca4e87-2e66-4b07-9067-20b7b06d4a8a,0,0,False,"[(80, 103), (84, 95), (101, 90)]",265,311,66,81,265,83,177,183,80,179,84,179,84,179,84,179,84,183,80,179,84,179,84,179,84,191,101,179,84,179.0,84.0,179.1051,84.1489,183.0,80.0,179.0,84.0,0.9267015706806284,0.988826815642458
4aca4e87-2e66-4b07-9067-20b7b06d4a8a,0,0,False,"[(103, 80), (95, 84), (90, 101)]",311,265,81,66,311,94,177,183,103,179,95,179,95,179,95,179,95,183,103,179,95,179,95,179,95,191,90,179,95,179.0,95.0,179.1051,94.9562,183.0,103.0,179.0,95.0,0.9267015706806284,0.988826815642458
8beb72b0-54ae-4d9c-9aa9-fd36cebf1e55,0,0,False,"[(107, 118), (120, 97), (116, 105)]",255,199,75,46,255,111,211,217,120,221,116,217,120,217,120,225,107,217,120,217,120,217,120,217,120,225,107,217,120,217.0,120.0,219.3924,116.1123,217.0,120.0,217.0,120.0,0.9377777777777778,0.9723502304147466
8beb72b0-54ae-4d9c-9aa9-fd36cebf1e55,0,0,False,"[(118, 107), (97, 120), (105, 116)]",199,255,46,75,199,100,211,217,97,221,105,217,97,217,97,225,118,217,97,217,97,217,97,217,97,225,118,217,97,217.0,97.0,219.3924,103.2801,217.0,97.0,217.0,97.0,0.9377777777777778,0.9723502304147466
6ac03251-e1b7-41f1-bb3b-2dfbcf5dc8b3,2,12,False,"[(135, 158), (136, 147), (137, 126), (145, 122)]",287,321,91,104,287,136,261,267,145,263,137,263,137,263,137,283,136,293,135,283,136,263,137,263,137,293,135,263,137,263.0,137.0,263.3818,137.7636,293.0,135.0,263.0,137.0,0.8907849829351536,0.9923954372623576
6ac03251-e1b7-41f1-bb3b-2dfbcf5dc8b3,2,12,False,"[(158, 135), (147, 136), (126, 137), (122, 145)]",321,287,104,91,321,125,261,267,122,263,126,263,126,263,126,283,147,293,158,283,147,263,126,263,126,293,158,263,126,263.0,126.0,263.3818,125.6182,293.0,158.0,263.0,126.0,0.8907849829351536,0.9923954372623576
ad5ddcfd-753a-4231-b56f-e10c7596f220,3,45,False,"[(191, 158), (186, 175)]",265,343,84,112,265,194,343,349,191,361,186,349,191,349,191,361,186,361,186,361,186,349,191,349,191,361,186,349,191,349.0,191.0,353.8942,188.9608,361.0,186.0,349.0,191.0,0.9501385041551248,0.982808022922636
ad5ddcfd-753a-4231-b56f-e10c7596f220,3,45,False,"[(158, 191), (175, 186)]",343,265,112,84,343,149,343,349,158,361,175,349,158,349,158,361,175,361,175,361,175,349,158,349,158,361,175,349,158,349.0,158.0,353.8942,164.9334,361.0,175.0,349.0,158.0,0.9501385041551248,0.982808022922636
b30c1eaf-0ccb-4801-98db-3f07a0015909,1,1,False,"[(93, 70), (90, 79), (81, 92)]",265,299,61,61,265,84,157,163,93,169,90,163,93,163,93,169,90,173,81,173,81,163,93,163,93,173,81,163,93,163.0,93.0,167.0435,88.14769999999999,173.0,81.0,163.0,93.0,0.907514450867052,0.9631901840490796
b30c1eaf-0ccb-4801-98db-3f07a0015909,1,1,False,"[(70, 93), (79, 90), (92, 81)]",299,265,61,61,299,73,157,163,70,169,79,163,70,163,70,169,79,173,92,173,92,163,70,163,70,173,92,163,70,163.0,70.0,167.0435,78.89580000000001,173.0,92.0,163.0,70.0,0.907514450867052,0.9631901840490796
2b721bb4-dbbd-4ddb-9ca1-fcf76111e12f,2,22,False,"[(115, 92), (112, 101), (107, 130)]",387,353,89,78,387,106,201,207,115,213,112,207,115,207,115,213,112,207,115,213,112,207,115,207,115,237,107,207,115,207.0001,115.0,210.79290000000003,113.1035,207.0,115.0,207.0,115.0,0.8481012658227848,0.9710144927536232
2b721bb4-dbbd-4ddb-9ca1-fcf76111e12f,2,22,False,"[(92, 115), (101, 112), (130, 107)]",353,387,78,89,353,95,201,207,92,213,101,207,92,207,92,213,101,207,92,213,101,207,92,207,92,237,130,207,92,207.0001,92.00009999999996,210.79290000000003,97.6894,207.0,92.0,207.0,92.0,0.8481012658227848,0.9710144927536232
81edc40d-fd02-4922-aed5-8c6f4de6216b,2,22,False,"[(112, 89), (88, 99)]",265,243,79,62,265,88,187,187,88,187,88,187,88,187,88,187,88,201,112,187,88,187,88,187,88,201,112,187,88,187.0,88.0,191.5335,95.7717,200.5882,111.2941,187.0,88.0,0.9303482587064676,1.0
81edc40d-fd02-4922-aed5-8c6f4de6216b,2,22,False,"[(89, 112), (99, 88)]",243,265,62,79,243,99,187,187,99,187,99,187,99,187,99,187,99,201,89,187,99,187,99,187,99,201,89,187,99,187.0,99.0,191.5335,95.7618,200.5882,89.29409999999999,187.0,99.0,0.9303482587064676,1.0
2543ca13-12b2-47f7-8480-c1f84aaa58fe,0,0,False,"[(88, 485), (92, 477)]",331,751,74,196,331,91,567,573,88,569,92,569,92,569,92,569,92,573,88,569,92,573,88,569,92,573,88,569,92,569.0,92.0,570.4421,90.5579,573.0,88.0,569.0,92.0,0.9895287958115184,0.9964850615114236
2543ca13-12b2-47f7-8480-c1f84aaa58fe,0,0,False,"[(485, 88), (477, 92)]",751,331,196,74,751,476,567,573,485,569,477,569,477,569,477,569,477,573,485,569,477,573,485,569,477,573,485,569,477,569.0,477.0,570.4421,479.8842,573.0,485.0,569.0,477.0,0.9895287958115184,0.9964850615114236
17a62610-93dd-4458-b08d-d856e042a504,2,22,False,"[(107, 96), (101, 124)]",255,255,87,76,255,107,203,203,107,203,107,203,107,203,107,203,107,203,107,203,107,203,107,203,107,225,101,203,107,203.0,107.0,206.9855,105.913,210.1176,105.0588,203.0,107.0,0.9022222222222224,1.0
17a62610-93dd-4458-b08d-d856e042a504,2,22,False,"[(96, 107), (124, 101)]",255,255,76,87,255,96,203,203,96,203,96,203,96,203,96,203,96,203,96,203,96,203,96,203,96,225,124,203,96,203.0,96.0,206.9855,101.0725,210.1176,105.0588,203.0,96.0,0.9022222222222224,1.0
7dc327af-c123-4574-ba14-65bd68f4def6,0,0,False,"[(136, 113), (116, 127)]",299,265,100,104,299,115,241,249,136,243,116,243,116,243,116,243,116,249,136,249,136,243,116,243,116,249,136,243,116,243.0049,116.0164,245.74400000000003,125.1467,249.0,136.0,243.0,116.0,0.9678714859437751,0.9917695473251028
7dc327af-c123-4574-ba14-65bd68f4def6,0,0,False,"[(113, 136), (127, 116)]",265,299,104,100,265,126,241,249,113,243,127,243,127,243,127,243,127,249,113,249,113,243,127,243,127,249,113,243,127,243.0049,126.9885,245.74400000000003,120.5973,249.0,113.0,243.0,127.0,0.9678714859437751,0.9917695473251028
f8a33a4f-f85a-47e2-bcf5-4b34f57d87ed,2,22,False,"[(65, 88), (87, 76), (69, 80)]",255,243,56,56,255,68,147,153,65,149,69,149,69,149,69,163,87,163,87,149,69,149,69,149,69,163,87,149,69,149.0,69.0,149.34199999999998,69.43969999999999,163.0,87.0,149.0,69.0,0.901840490797546,0.9865771812080536
f8a33a4f-f85a-47e2-bcf5-4b34f57d87ed,2,22,False,"[(88, 65), (76, 87), (80, 69)]",243,255,56,56,243,79,147,153,88,149,80,149,80,149,80,163,76,163,76,149,80,149,80,149,80,163,76,149,80,149.0,80.0,149.34199999999998,79.9023,163.0,76.0,149.0,80.0,0.901840490797546,0.9865771812080536
2b38f7c8-6a17-44ee-b575-d6ec69d7363b,1,11,False,"[(181, 830), (168, 839), (150, 843), (141, 856)]",265,947,67,306,265,150,993,997,141,1011,181,993,150,993,150,1011,181,993,150,1011,181,997,141,993,150,1011,181,993,150,993.0,150.0,994.9206,153.3077,997.5,157.75,993.0,150.0,0.9821958456973294,1.0
2b38f7c8-6a17-44ee-b575-d6ec69d7363b,1,11,False,"[(830, 181), (839, 168), (843, 150), (856, 141)]",947,265,306,67,947,843,993,997,856,1011,830,993,843,993,843,1011,830,993,843,1011,830,997,856,993,843,1011,830,993,843,993.0,843.0,994.9206,841.6129,997.5,839.75,993.0,843.0,0.9821958456973294,1.0
e5c03a79-1369-4ef8-8219-e522be5a15b3,2,22,False,"[(79, 90), (74, 97), (91, 80)]",255,255,65,65,255,77,165,171,74,169,79,169,79,169,79,169,79,169,79,169,79,169,79,169,79,171,74,169,79,169.0,79.0,169.4783,81.86959999999999,170.0,85.0,169.0,79.0,0.9649122807017544,0.9763313609467456
e5c03a79-1369-4ef8-8219-e522be5a15b3,2,22,False,"[(90, 79), (97, 74), (80, 91)]",255,255,65,65,255,88,165,171,97,169,90,169,90,169,90,169,90,169,90,169,90,169,90,169,90,171,97,169,90,169.0,90.0,169.4783,87.6087,170.0,85.0,169.0,90.0,0.9649122807017544,0.9763313609467456
336fd877-2450-4668-b55b-14cbddedb5fa,2,22,False,"[(74, 85), (99, 76)]",287,321,62,65,287,74,159,159,74,159,74,159,74,159,74,159,74,159,74,159,74,159,74,159,74,175,99,159,74,159.0,74.0,162.8139,79.95930000000001,159.0,74.0,159.0,74.0,0.9085714285714286,1.0
336fd877-2450-4668-b55b-14cbddedb5fa,2,22,False,"[(85, 74), (76, 99)]",321,287,65,62,321,85,159,159,85,159,85,159,85,159,85,159,85,159,85,159,85,159,85,159,85,175,76,159,85,159.0,85.0,162.8139,82.8546,159.0,85.0,159.0,85.0,0.9085714285714286,1.0
a475bab6-64b8-46b6-aa6a-f52b723cbb59,2,22,False,"[(61, 84), (74, 63)]",255,255,52,49,255,74,137,145,61,137,74,137,74,137,74,137,74,137,74,137,74,137,74,137,74,145,61,137,74,137.0,74.0,140.03930000000005,69.06120000000001,139.58819999999997,69.79409999999999,137.0,74.0,0.9448275862068966,1.0
a475bab6-64b8-46b6-aa6a-f52b723cbb59,2,22,False,"[(84, 61), (63, 74)]",255,255,49,52,255,63,137,145,84,137,63,137,63,137,63,137,63,137,63,137,63,137,63,137,63,145,84,137,63,137.0,63.0,140.03930000000005,70.97810000000001,139.58819999999997,69.79409999999999,137.0,63.0,0.9448275862068966,1.0
0644044c-da69-4c63-b206-970e12030ae1,2,22,False,"[(155, 100), (151, 118), (185, 86), (134, 145)]",277,221,83,68,277,155,255,271,185,279,134,255,155,255,155,279,134,255,155,269,151,255,155,255,155,279,134,255,155,255.0,155.0,257.1566,153.1129,255.3636,155.6818,255.0,155.0,0.913978494623656,1.0
0644044c-da69-4c63-b206-970e12030ae1,2,22,False,"[(100, 155), (118, 151), (86, 185), (145, 134)]",221,277,68,83,221,100,255,271,86,279,145,255,100,255,100,279,145,255,100,269,118,255,100,255,100,279,145,255,100,255.0,100.0,257.1566,104.0437,255.3636,99.6818,255.0,100.0,0.913978494623656,1.0
259dce3e-7652-4d19-be75-96314475c271,2,22,True,"[(104, 81), (80, 91)]",265,243,71,67,265,80,171,171,80,171,80,171,80,171,80,171,80,185,104,171,80,171,80,171,80,185,104,171,80,171.0,80.0,175.5138,87.7379,184.5882,103.2941,171.0,80.0,0.9243243243243244,1.0
259dce3e-7652-4d19-be75-96314475c271,2,22,True,"[(81, 104), (91, 80)]",243,265,67,71,243,91,171,171,91,171,91,171,91,171,91,171,91,185,81,171,91,171,91,171,91,185,81,171,91,171.0,91.0,175.5138,87.77590000000001,184.5882,81.29409999999999,171.0,91.0,0.9243243243243244,1.0
6da1df5b-82b1-40e9-816e-a2222d95eff9,1,1,False,"[(164, 187), (168, 179)]",551,573,155,158,551,167,345,351,164,347,168,347,168,347,168,347,168,351,164,347,168,347,168,347,168,351,164,347,168,347.0,168.0,348.3493,166.65069999999997,350.6666,164.3333,347.0,168.0,0.9829059829059827,0.9942363112391932
6da1df5b-82b1-40e9-816e-a2222d95eff9,1,1,False,"[(187, 164), (179, 168)]",573,551,158,155,573,178,345,351,187,347,179,347,179,347,179,347,179,351,187,347,179,347,179,347,179,351,187,347,179,347.0,179.0,348.3493,181.6986,350.6666,186.3333,347.0,179.0,0.9829059829059827,0.9942363112391932
ada3c248-2751-4fdf-ab58-4e4a34e00663,1,11,False,"[(173, 140), (155, 144), (128, 161)]",353,309,128,123,353,128,289,289,128,299,155,289,128,289,128,299,155,313,173,299,155,289,128,289,128,313,173,289,128,289.0018,128.0048,294.63300000000004,143.2092,313.0,173.0,289.0,128.0,0.9233226837060704,1.0
ada3c248-2751-4fdf-ab58-4e4a34e00663,1,11,False,"[(140, 173), (144, 155), (161, 128)]",309,353,123,128,309,161,289,289,161,299,144,289,161,289,161,299,144,313,140,299,144,289,161,289,161,313,140,289,161,289.0018,160.997,294.63300000000004,151.4238,313.0,140.0,289.0,161.0,0.9233226837060704,1.0
a0f1b22d-ae71-4e9f-a479-ec72166a885b,1,1,False,"[(305, 328), (314, 325), (318, 307)]",793,827,291,298,793,318,625,633,305,625,318,625,318,625,318,639,314,633,305,639,314,625,318,625,318,639,314,625,318,625.0,318.0,628.1797,312.833,633.0,305.0,625.0,318.0,0.9780907668231612,1.0
a0f1b22d-ae71-4e9f-a479-ec72166a885b,1,1,False,"[(328, 305), (325, 314), (307, 318)]",827,793,298,291,827,307,625,633,328,625,307,625,307,625,307,639,325,633,328,639,325,625,307,625,307,639,325,625,307,625.0,307.0,628.1797,315.3467,633.0,328.0,625.0,307.0,0.9780907668231612,1.0
c865ca7b-1031-4013-a11c-6807209c1666,2,22,False,"[(326, 315), (321, 332)]",1003,969,297,298,1003,308,627,641,326,641,326,641,326,641,326,641,326,641,326,641,326,641,326,641,326,653,321,641,326,641.0,326.0,643.6399000000001,324.9,641.0,326.0,641.0,326.0,0.9601837672281776,0.9781591263650546
c865ca7b-1031-4013-a11c-6807209c1666,2,22,False,"[(315, 326), (332, 321)]",969,1003,298,297,969,319,627,641,315,641,315,641,315,641,315,641,315,641,315,641,315,641,315,641,315,653,332,641,315,641.0,315.0,643.6399000000001,318.73990000000003,641.0,315.0,641.0,315.0,0.9601837672281776,0.9781591263650546
f71a9ad1-f337-4ca6-b5f2-86576c0e8fb2,0,0,False,"[(92, 81), (66, 89)]",265,299,57,69,265,66,155,155,66,155,66,155,66,155,66,173,92,155,66,155,66,155,66,155,66,173,92,155,66,155.0,66.0,158.94709999999998,71.7014,155.0,66.0,155.0,66.0,0.8959537572254336,1.0
f71a9ad1-f337-4ca6-b5f2-86576c0e8fb2,0,0,False,"[(81, 92), (89, 66)]",299,265,69,57,299,89,155,155,89,155,89,155,89,155,89,173,81,155,89,155,89,155,89,155,89,173,81,155,89,155.0,89.0,158.94709999999998,87.2457,155.0,89.0,155.0,89.0,0.8959537572254336,1.0
3cee0576-8f7b-43eb-8854-8e879701f3c7,1,11,False,"[(111, 88), (109, 98)]",343,309,84,74,343,102,193,199,111,207,109,199,111,199,111,207,109,199,111,207,109,199,111,199,111,207,109,199,111,199.0,111.0,200.271,110.6822,199.0,111.0,199.0,111.0,0.932367149758454,0.9698492462311558
3cee0576-8f7b-43eb-8854-8e879701f3c7,1,11,False,"[(88, 111), (98, 109)]",309,343,74,84,309,91,193,199,88,207,98,199,88,199,88,207,98,199,88,207,98,199,88,199,88,207,98,199,88,199.0,88.0,200.271,89.58879999999999,199.0,88.0,199.0,88.0,0.932367149758454,0.9698492462311558
83791b81-243c-4ac8-a386-40c4236c5984,0,0,False,"[(95, 84), (83, 106)]",265,311,74,73,265,95,179,189,83,179,95,179,95,179,95,179,95,189,83,189,83,179,95,179,95,189,83,179,95,179.0,95.0,183.04880000000003,90.1415,189.0,83.0,179.0,95.0,0.9470899470899472,1.0
83791b81-243c-4ac8-a386-40c4236c5984,0,0,False,"[(84, 95), (106, 83)]",311,265,73,74,311,84,179,189,106,179,84,179,84,179,84,179,84,189,106,189,106,179,84,179,84,189,106,179,84,179.0,84.0,183.04880000000003,92.9073,189.0,106.0,179.0,84.0,0.9470899470899472,1.0
bd949ff0-bec6-4678-982c-565bc9e25de0,0,11,False,"[(71, 82), (85, 74)]",265,243,67,63,265,67,145,153,71,153,71,153,71,153,71,153,71,159,85,159,85,153,71,153,71,159,85,153,71,153.0,71.0,155.37670000000003,76.54570000000001,159.0,85.0,153.0,71.0,0.9119496855345912,0.9477124183006536
bd949ff0-bec6-4678-982c-565bc9e25de0,0,11,False,"[(82, 71), (74, 85)]",243,265,63,67,243,78,145,153,82,153,82,153,82,153,82,153,82,159,74,159,74,153,82,153,82,159,74,153,82,153.0,82.0,155.37670000000003,78.83099999999999,159.0,74.0,153.0,82.0,0.9119496855345912,0.9477124183006536
7e5a1d3e-2f74-46b5-a766-81c8c66cf504,3,66,True,"[(239, 162), (182, 215)]",343,221,128,104,343,182,397,401,239,397,182,397,182,397,182,397,182,401,239,401,239,401,239,401,239,397,182,397,182,401.0,239.0,399.8692,222.8861,401.0,239.0,397.0,182.0,0.9900249376558604,1.0
7e5a1d3e-2f74-46b5-a766-81c8c66cf504,3,66,True,"[(162, 239), (215, 182)]",221,343,104,128,221,215,397,401,162,397,215,397,215,397,215,397,215,401,162,401,162,401,162,401,162,397,215,397,215,401.0,162.0,399.8692,176.9831,401.0,162.0,397.0,215.0,0.9900249376558604,1.0
4b4883ce-398f-426d-8b16-f5d6e9dff3d2,1,11,True,"[(56, 89), (65, 76), (69, 36)]",155,111,38,25,155,69,105,105,69,105,69,105,69,105,69,141,65,105,69,105,69,105,69,105,69,145,56,105,69,105.0001,69.0,111.2681,66.9629,105.0,69.0,105.0,69.0,0.7241379310344828,1.0
4b4883ce-398f-426d-8b16-f5d6e9dff3d2,1,11,True,"[(89, 56), (76, 65), (36, 69)]",111,155,25,38,111,36,105,105,36,105,36,105,36,105,36,141,76,105,36,105,36,105,36,105,36,145,89,105,36,105.0001,36.0001,111.2681,44.3052,105.0,36.0,105.0,36.0,0.7241379310344828,1.0
6c33142a-d5cb-4f95-bca9-003396b3e6ed,1,1,False,"[(57, 80), (70, 59), (66, 77)]",155,177,48,45,155,70,129,137,57,129,70,129,70,129,70,129,70,137,57,143,66,129,70,129,70,143,66,129,70,129.0,70.0,132.41649999999998,64.4482,136.7648,57.3824,129.0,70.0,0.902097902097902,1.0
6c33142a-d5cb-4f95-bca9-003396b3e6ed,1,1,False,"[(80, 57), (59, 70), (77, 66)]",177,155,45,48,177,59,129,137,80,129,59,129,59,129,59,129,59,137,80,143,77,129,59,129,59,143,77,129,59,129.0,59.0,132.41649999999998,67.9683,136.7648,79.3824,129.0,59.0,0.902097902097902,1.0
b9464deb-c9f4-4e05-88d3-2cf1806db99e,0,0,False,"[(89, 78), (77, 88), (67, 90), (92, 69)]",155,201,47,58,155,83,155,157,67,165,77,157,67,157,67,167,89,157,67,157,67,157,67,157,67,167,89,157,67,157.0,67.0001,158.4359,75.9744,157.0,67.0,157.0,67.0,0.9281437125748504,0.9872611464968152
b9464deb-c9f4-4e05-88d3-2cf1806db99e,0,0,False,"[(78, 89), (88, 77), (90, 67), (69, 92)]",201,155,58,47,201,72,155,157,90,165,88,157,90,157,90,167,78,157,90,157,90,157,90,157,90,167,78,157,90,157.0,89.9999,158.4359,82.4615,157.0,90.0,157.0,90.0,0.9281437125748504,0.9872611464968152
71bbcb1d-1b3e-4790-9f73-0809479d8c5b,1,11,False,"[(50, 61), (79, 56)]",155,155,41,42,155,50,111,111,50,111,50,111,50,111,50,111,50,111,50,111,50,111,50,111,50,135,79,111,50,111.0,50.0,114.7102,54.4832,118.7648,59.3824,111.0,50.0,0.8222222222222222,1.0
71bbcb1d-1b3e-4790-9f73-0809479d8c5b,1,11,False,"[(61, 50), (56, 79)]",155,155,42,41,155,61,111,111,61,111,61,111,61,111,61,111,61,111,61,111,61,111,61,111,61,135,56,111,61,111.0,61.0,114.7102,60.227,118.7648,59.3824,111.0,61.0,0.8222222222222222,1.0
13200887-1b5e-4898-9f61-477e1f8c28ab,1,11,False,"[(52, 75), (58, 47)]",155,155,37,47,155,58,105,105,58,105,58,105,58,105,58,105,58,105,58,105,58,105,58,105,58,127,52,105,58,105.0,58.0,109.0362,56.89919999999999,112.1176,56.058800000000005,105.0,58.0,0.8267716535433071,1.0
13200887-1b5e-4898-9f61-477e1f8c28ab,1,11,False,"[(75, 52), (47, 58)]",155,155,47,37,155,47,105,105,47,105,47,105,47,105,47,105,47,105,47,105,47,105,47,105,47,127,75,105,47,105.0,47.0,109.0362,52.137,112.1176,56.058800000000005,105.0,47.0,0.8267716535433071,1.0
ae057120-76f2-4692-a8f1-5eb8a6fea873,2,22,False,"[(46, 79), (59, 70), (85, 52), (72, 61)]",145,133,37,29,145,76,119,125,46,129,59,125,46,125,46,129,59,133,72,133,72,125,46,129,59,137,85,125,46,128.2308,56.5,130.5,63.875,133.1818,72.5909,125.0,46.0,0.8686131386861314,0.952
ae057120-76f2-4692-a8f1-5eb8a6fea873,2,22,False,"[(79, 46), (70, 59), (52, 85), (61, 72)]",133,145,29,37,133,43,119,125,79,129,70,125,79,125,79,129,70,133,61,133,61,125,79,129,70,137,52,125,79,128.2308,71.7308,130.5,66.625,133.1818,60.590900000000005,125.0,79.0,0.8686131386861314,0.952
2c7374e6-4912-4154-97bd-2db73388fcb6,0,0,False,"[(57, 80), (86, 63)]",155,201,46,54,155,57,137,137,57,137,57,137,57,137,57,137,57,137,57,137,57,137,57,137,57,149,86,137,57,137.0,57.0,140.5272,65.524,137.0,57.0,137.0,57.0,0.9194630872483222,1.0
2c7374e6-4912-4154-97bd-2db73388fcb6,0,0,False,"[(80, 57), (63, 86)]",201,155,54,46,201,80,137,137,80,137,80,137,80,137,80,137,80,137,80,137,80,137,80,137,80,149,63,137,80,137.0,80.0,140.5272,75.0032,137.0,80.0,137.0,80.0,0.9194630872483222,1.0
cd4b26bb-0f24-4b65-bb83-78f587a7d236,1,1,False,"[(82, 71), (90, 67)]",189,177,45,46,189,81,151,157,90,153,82,153,82,153,82,153,82,153,82,153,82,153,82,153,82,157,90,153,82,153.0,82.0,154.30880000000002,84.6177,153.3334,82.6667,153.0,82.0,0.961783439490446,0.9869281045751634
cd4b26bb-0f24-4b65-bb83-78f587a7d236,1,1,False,"[(71, 82), (67, 90)]",177,189,46,45,177,70,151,157,67,153,71,153,71,153,71,153,71,153,71,153,71,153,71,153,71,157,67,153,71,153.0,71.0,154.30880000000002,69.6911,153.3334,70.6667,153.0,71.0,0.961783439490446,0.9869281045751634
3e71d666-1e39-492f-8266-7be94da6f89b,0,0,False,"[(63, 40), (56, 79)]",135,89,35,17,135,54,97,103,63,103,63,103,63,103,63,103,63,103,63,103,63,103,63,103,63,135,56,103,63,103.0,63.0,106.2056,62.2988,103.0,63.0,103.0,63.0,0.7185185185185186,0.941747572815534
3e71d666-1e39-492f-8266-7be94da6f89b,0,0,False,"[(40, 63), (79, 56)]",89,135,17,35,89,43,97,103,40,103,40,103,40,103,40,103,40,103,40,103,40,103,40,103,40,135,79,103,40,103.0,40.0,106.2056,43.9068,103.0,40.0,103.0,40.0,0.7185185185185186,0.941747572815534
64e5a390-9e1a-49cc-85b3-00f15986a488,2,22,False,"[(86, 141), (65, 164), (78, 155)]",145,199,51,70,145,59,217,229,65,227,86,227,86,227,86,227,86,227,86,227,86,229,65,227,86,229,65,227,86,227.0001,85.9999,227.7966,77.6357,227.0,86.0,227.0,86.0,0.9313304721030042,0.9559471365638766
64e5a390-9e1a-49cc-85b3-00f15986a488,2,22,False,"[(141, 86), (164, 65), (155, 78)]",199,145,70,51,199,158,217,229,164,227,141,227,141,227,141,227,141,227,141,227,141,229,164,227,141,229,164,227,141,227.0001,141.0002,227.7966,150.1609,227.0,141.0,227.0,141.0,0.9313304721030042,0.9559471365638766
36ca378e-e8a2-4905-b758-5dfd162e4b3d,2,22,False,"[(38, 61), (47, 58), (80, 57)]",145,133,29,32,145,41,93,99,38,105,47,99,38,99,38,105,47,105,47,105,47,99,38,99,38,137,80,99,38,99.0,38.0,101.5552,41.832800000000006,126.647,69.3235,99.0,38.0,0.6788321167883211,0.9393939393939394
36ca378e-e8a2-4905-b758-5dfd162e4b3d,2,22,False,"[(61, 38), (58, 47), (57, 80)]",133,145,32,29,133,52,93,99,61,105,58,99,61,99,61,105,58,105,58,105,58,99,61,99,61,137,57,99,61,99.0,61.0,101.5552,59.72239999999999,126.647,57.3235,99.0,61.0,0.6788321167883211,0.9393939393939394
b3c8a2ae-2914-4d4d-aeff-50367787840d,1,1,False,"[(74, 63), (57, 80)]",199,211,46,53,199,60,131,137,57,137,74,137,74,137,74,137,74,137,57,137,74,137,57,137,57,137,74,137,74,137.0,62.5,137.0,65.32409999999999,137.0,62.5,137.0,57.0,0.9562043795620438,0.9562043795620438
b3c8a2ae-2914-4d4d-aeff-50367787840d,1,1,False,"[(63, 74), (80, 57)]",211,199,53,46,211,71,131,137,80,137,63,137,63,137,63,137,63,137,80,137,63,137,80,137,80,137,63,137,63,137.0,74.5,137.0,71.67590000000001,137.0,74.5,137.0,80.0,0.9562043795620438,0.9562043795620438
77894978-e160-4860-b010-f4242cbe0472,1,11,True,"[(140, 129), (110, 133)]",243,265,90,89,243,110,243,243,110,243,110,243,110,243,110,269,140,243,110,243,110,243,110,243,110,269,140,243,110,243.0,110.0,245.9991,113.4605,243.7648,110.8824,243.0,110.0,0.9033457249070632,1.0
77894978-e160-4860-b010-f4242cbe0472,1,11,True,"[(129, 140), (133, 110)]",265,243,89,90,265,133,243,243,133,243,133,243,133,243,133,269,129,243,133,243,133,243,133,243,133,269,129,243,133,243.0,133.0,245.9991,132.5386,243.7648,132.8824,243.0,133.0,0.9033457249070632,1.0
e5f2bffd-9ad7-4fdf-9de2-7596cd6b5bdd,2,22,False,"[(65, 54), (52, 63)]",155,189,38,45,155,52,115,115,52,115,52,115,52,115,52,119,65,115,52,115,52,115,52,115,52,119,65,115,52,115.0,52.0,116.3826,56.493300000000005,115.0,52.0,115.0,52.0,0.9663865546218487,1.0
e5f2bffd-9ad7-4fdf-9de2-7596cd6b5bdd,2,22,False,"[(54, 65), (63, 52)]",189,155,45,38,189,63,115,115,63,115,63,115,63,115,63,119,54,115,63,115,63,115,63,115,63,119,54,115,63,115.0,63.0,116.3826,59.88929999999999,115.0,63.0,115.0,63.0,0.9663865546218487,1.0
6831a334-0a75-4adb-8baf-89224226f9a9,2,22,False,"[(61, 72), (69, 46)]",145,145,29,37,145,69,115,115,69,115,69,115,69,115,69,133,61,115,69,115,69,115,69,115,69,133,61,115,69,115.0,69.0,119.79039999999998,66.871,127.1764,63.5882,115.0,69.0,0.8646616541353384,1.0
6831a334-0a75-4adb-8baf-89224226f9a9,2,22,False,"[(72, 61), (46, 69)]",145,145,37,29,145,46,115,115,46,115,46,115,46,115,46,133,72,115,46,115,46,115,46,115,46,133,72,115,46,115.0,46.0,119.79039999999998,52.9194,127.1764,63.5882,115.0,46.0,0.8646616541353384,1.0
6986f693-35c7-440b-af0c-1233f74ded91,3,23,False,"[(80, 57), (54, 77)]",155,167,33,46,155,57,125,131,54,131,54,131,54,131,54,137,80,131,54,131,54,131,54,131,54,137,80,131,54,131.0057,54.0247,133.4836,64.7623,132.4348,60.2174,131.0,54.0,0.9124087591240876,0.9541984732824428
6986f693-35c7-440b-af0c-1233f74ded91,3,23,False,"[(57, 80), (77, 54)]",167,155,46,33,167,68,125,131,77,131,77,131,77,131,77,137,57,131,77,131,77,131,77,131,77,137,57,131,77,131.0057,76.981,133.4836,68.7213,132.4348,72.2174,131.0,77.0,0.9124087591240876,0.9541984732824428
f64a25ab-16b1-4353-9f8c-0ff07c4b5394,2,22,False,"[(63, 40), (42, 53), (60, 49)]",145,133,29,29,145,42,95,103,63,95,42,95,42,95,42,95,42,109,60,95,42,95,42,95,42,109,60,95,42,95.0,42.0,98.2539,50.5416,100.4118,56.2059,95.0,42.0,0.8715596330275229,1.0
f64a25ab-16b1-4353-9f8c-0ff07c4b5394,2,22,False,"[(40, 63), (53, 42), (49, 60)]",133,145,29,29,133,53,95,103,40,95,53,95,53,95,53,95,53,109,49,95,53,95,53,95,53,109,49,95,53,95.0,53.0,98.2539,47.7123,100.4118,44.2059,95.0,53.0,0.8715596330275229,1.0
fd821003-4fc5-4fbc-a562-e47f662a8af5,0,0,False,"[(54, 31), (46, 57)]",135,89,37,17,135,37,85,85,54,85,54,85,54,85,54,103,46,85,54,85,54,85,54,85,54,103,46,85,54,85.0,54.0,88.00649999999999,52.6638,85.0,54.0,85.0,54.0,0.8252427184466019,1.0
fd821003-4fc5-4fbc-a562-e47f662a8af5,0,0,False,"[(31, 54), (57, 46)]",89,135,17,37,89,48,85,85,31,85,31,85,31,85,31,103,57,85,31,85,31,85,31,85,31,103,57,85,31,85.0,31.0,88.00649999999999,35.3427,85.0,31.0,85.0,31.0,0.8252427184466019,1.0
d5d939d4-58fb-4903-8d21-4f4e00ee7ae1,2,22,False,"[(69, 46), (52, 75), (61, 50), (56, 67)]",145,145,37,37,145,60,109,115,69,111,61,111,61,111,61,111,61,111,61,111,61,111,61,111,61,127,52,111,61,111.0,61.0,113.5821,59.5476,116.1764,58.0882,111.0,61.0,0.8582677165354331,0.981981981981982
d5d939d4-58fb-4903-8d21-4f4e00ee7ae1,2,22,False,"[(46, 69), (75, 52), (50, 61), (67, 56)]",145,145,37,37,145,49,109,115,46,111,50,111,50,111,50,111,50,111,50,111,50,111,50,111,50,127,75,111,50,111.0,50.0,113.5821,54.0345,116.1764,58.0882,111.0,50.0,0.8582677165354331,0.981981981981982
16eb140e-0a19-4a4b-9f3d-07d132d6612f,1,1,False,"[(61, 72), (74, 63)]",155,189,38,58,155,61,133,133,61,133,61,133,61,133,61,133,61,133,61,133,61,133,61,133,61,137,74,133,61,133.0,61.0,134.3623,65.4275,133.0,61.0,133.0,61.0,0.9708029197080292,1.0
16eb140e-0a19-4a4b-9f3d-07d132d6612f,1,1,False,"[(72, 61), (63, 74)]",189,155,58,38,189,72,133,133,72,133,72,133,72,133,72,133,72,133,72,133,72,133,72,133,72,137,63,133,72,133.0,72.0,134.3623,68.9348,133.0,72.0,133.0,72.0,0.9708029197080292,1.0
9886e5a1-e93e-47c1-8f8e-33a663113bf5,2,22,False,"[(75, 98), (80, 91)]",233,221,66,75,233,78,167,173,75,171,80,171,80,171,80,171,80,171,80,171,80,171,80,171,80,173,75,171,80,171.0,80.0,171.7403,78.14920000000001,171.0,80.0,171.0,80.0,0.9653179190751444,0.9766081871345028
9886e5a1-e93e-47c1-8f8e-33a663113bf5,2,22,False,"[(98, 75), (91, 80)]",221,233,75,66,221,89,167,173,98,171,91,171,91,171,91,171,91,171,91,171,91,171,91,171,91,173,98,171,91,171.0,91.0,171.7403,93.5911,171.0,91.0,171.0,91.0,0.9653179190751444,0.9766081871345028
f96705a4-e665-4273-ab6e-7c1d205b0053,1,11,False,"[(87, 98), (102, 79)]",199,177,63,59,199,102,181,181,102,185,87,181,102,181,102,185,87,181,102,181,102,181,102,181,102,185,87,181,102,181.0008,101.997,182.6342,95.8716,181.1176,101.5588,181.0,102.0,0.9783783783783784,1.0
f96705a4-e665-4273-ab6e-7c1d205b0053,1,11,False,"[(98, 87), (79, 102)]",177,199,59,63,177,79,181,181,79,185,98,181,79,181,79,185,98,181,79,181,79,181,79,181,79,185,98,181,79,181.0008,79.0038,182.6342,86.7626,181.1176,79.5588,181.0,79.0,0.9783783783783784,1.0
946c5811-a59d-44b4-9bfa-a4d1be1543c5,2,22,False,"[(62, 51), (53, 64)]",145,111,33,25,145,44,99,113,62,113,62,113,62,113,62,113,62,113,62,113,62,113,62,113,62,117,53,113,62,113.0,62.0,114.2443,59.200500000000005,113.0,62.0,113.0,62.0,0.8461538461538461,0.8761061946902655
946c5811-a59d-44b4-9bfa-a4d1be1543c5,2,22,False,"[(51, 62), (64, 53)]",111,145,25,33,111,55,99,113,51,113,51,113,51,113,51,113,51,113,51,113,51,113,51,113,51,117,64,113,51,113.0,51.0,114.2443,55.0438,113.0,51.0,113.0,51.0,0.8461538461538461,0.8761061946902655
a978f8e4-4495-4826-b473-b9dafcb11bec,1,1,False,"[(83, 60), (75, 64)]",189,177,54,51,189,74,137,143,83,139,75,139,75,139,75,139,75,139,75,139,75,139,75,139,75,143,83,139,75,139.0,75.0,140.31040000000002,77.6207,139.3334,75.6667,139.0,75.0,0.958041958041958,0.9856115107913668
a978f8e4-4495-4826-b473-b9dafcb11bec,1,1,False,"[(60, 83), (64, 75)]",177,189,51,54,177,63,137,143,60,139,64,139,64,139,64,139,64,139,64,139,64,139,64,139,64,143,60,139,64,139.0,64.0,140.31040000000002,62.6897,139.3334,63.666700000000006,139.0,64.0,0.958041958041958,0.9856115107913668
6b77a067-66dc-4dea-a4fd-b6ff913fa257,0,0,False,"[(73, 96), (77, 88), (101, 78)]",155,201,56,67,155,76,163,169,73,165,77,165,77,165,77,165,77,169,73,169,73,165,77,165,77,179,101,165,77,165.0,77.0,166.2174,79.087,169.0,73.0,165.0,77.0,0.9106145251396648,0.987878787878788
6b77a067-66dc-4dea-a4fd-b6ff913fa257,0,0,False,"[(96, 73), (88, 77), (78, 101)]",201,155,67,56,201,87,163,169,96,165,88,165,88,165,88,165,88,169,96,169,96,165,88,165,88,179,78,165,88,165.0,88.0,166.2174,87.1304,169.0,96.0,165.0,88.0,0.9106145251396648,0.987878787878788
1c66a3bf-9e7c-420f-bf00-0365ed0047d2,1,11,True,"[(68, 79), (103, 70)]",177,199,50,50,177,68,147,147,68,147,68,147,68,147,68,147,68,147,68,147,68,147,68,147,68,173,103,147,68,147.0,68.0,151.6409,74.2473,147.0,68.0,147.0,68.0,0.8497109826589595,1.0
1c66a3bf-9e7c-420f-bf00-0365ed0047d2,1,11,True,"[(79, 68), (70, 103)]",199,177,50,50,199,79,147,147,79,147,79,147,79,147,79,147,79,147,79,147,79,147,79,147,79,173,70,147,79,147.0,79.0,151.6409,77.3936,147.0,79.0,147.0,79.0,0.8497109826589595,1.0
bc18b91f-4740-470b-b0db-f373e3951356,2,22,False,"[(102, 113), (106, 83), (97, 120)]",310,310,76,72,310,106,189,189,106,189,106,189,106,189,106,215,102,189,106,189,106,189,106,189,106,217,97,189,106,189.0,106.0,194.7642,104.1472,203.0,101.5,189.0,106.0,0.8709677419354839,1.0
bc18b91f-4740-470b-b0db-f373e3951356,2,22,False,"[(113, 102), (83, 106), (120, 97)]",310,310,72,76,310,83,189,189,83,189,83,189,83,189,83,215,113,189,83,189,83,189,83,189,83,217,120,189,83,189.0,83.0,194.7642,90.617,203.0,101.5,189.0,83.0,0.8709677419354839,1.0
710969a6-ad52-4f2a-ae1c-4d791ee0c1ca,1,11,False,"[(110, 99), (109, 132)]",354,320,100,85,354,110,209,209,110,209,110,209,110,209,110,209,110,209,110,209,110,209,110,209,110,241,109,209,110,209.0,110.0,209.8514,109.9734,209.0,110.0,209.0,110.0,0.8672199170124482,1.0
710969a6-ad52-4f2a-ae1c-4d791ee0c1ca,1,11,False,"[(99, 110), (132, 109)]",320,354,85,100,320,99,209,209,99,209,99,209,99,209,99,209,99,209,99,209,99,209,99,209,99,241,132,209,99,209.0,99.0,209.8514,99.878,209.0,99.0,209.0,99.0,0.8672199170124482,1.0
3757fcbb-2019-455c-9cf7-52f8aebd0198,2,22,False,"[(143, 154), (161, 150)]",574,574,132,127,574,159,295,297,143,297,143,297,143,297,143,297,143,297,143,297,143,297,143,297,143,311,161,297,143,297.0,143.0,299.5797,146.3168,304.0,152.0,297.0,143.0,0.9485530546623794,0.9932659932659932
3757fcbb-2019-455c-9cf7-52f8aebd0198,2,22,False,"[(154, 143), (150, 161)]",574,574,127,132,574,136,295,297,154,297,154,297,154,297,154,297,154,297,154,297,154,297,154,297,154,311,150,297,154,297.0,154.0,299.5797,153.2629,304.0,152.0,297.0,154.0,0.9485530546623794,0.9932659932659932
7c988bdf-a840-4d4b-8213-b21ff033387a,2,22,False,"[(96, 73), (88, 99)]",310,276,67,59,310,79,169,169,96,169,96,169,96,169,96,187,88,169,96,169,96,169,96,169,96,187,88,169,96,169.0,96.0,172.9524,94.2434,169.0,96.0,169.0,96.0,0.9037433155080212,1.0
7c988bdf-a840-4d4b-8213-b21ff033387a,2,22,False,"[(73, 96), (99, 88)]",276,310,59,67,276,90,169,169,73,169,73,169,73,169,73,187,99,169,73,169,73,169,73,169,73,187,99,169,73,169.0,73.0,172.9524,78.709,169.0,73.0,169.0,73.0,0.9037433155080212,1.0
d832e0ab-14f9-4500-ab57-4a7370423c4e,0,0,False,"[(89, 66), (84, 107)]",310,276,76,55,310,89,155,155,89,155,89,155,89,155,89,155,89,155,89,155,89,155,89,155,89,191,84,155,89,155.0,89.0,158.6642,88.49109999999999,155.0,89.0,155.0,89.0,0.8115183246073299,1.0
d832e0ab-14f9-4500-ab57-4a7370423c4e,0,0,False,"[(66, 89), (107, 84)]",276,310,55,76,276,66,155,155,66,155,66,155,66,155,66,155,66,155,66,155,66,155,66,155,66,191,107,155,66,155.0,66.0,158.6642,70.1731,155.0,66.0,155.0,66.0,0.8115183246073299,1.0
ae0e3fa5-7fab-4cef-a6fb-02676f2983aa,1,1,False,"[(76, 99), (101, 78), (93, 82), (84, 95)]",320,332,67,67,320,79,169,175,76,175,93,175,76,175,76,175,93,179,84,179,84,175,76,175,76,179,101,175,76,175.0,81.5,175.0,86.2892,175.0,81.5,175.0,76.0,0.9441340782122905,0.9657142857142856
ae0e3fa5-7fab-4cef-a6fb-02676f2983aa,1,1,False,"[(99, 76), (78, 101), (82, 93), (95, 84)]",332,320,67,67,332,90,169,175,99,175,82,175,99,175,99,175,82,179,95,179,95,175,99,175,99,179,78,175,99,175.0,93.5,175.0,88.7108,175.0,93.5,175.0,99.0,0.9441340782122905,0.9657142857142856
297326f0-87df-4959-ba95-3432fec083bc,3,23,False,"[(104, 127), (129, 118)]",320,310,77,76,320,104,231,231,104,231,104,231,104,231,104,247,129,247,129,247,129,231,104,231,104,247,129,231,104,231.0,104.0,235.6121,111.2064,246.5294,128.2647,231.0,104.0,0.9352226720647774,1.0
297326f0-87df-4959-ba95-3432fec083bc,3,23,False,"[(127, 104), (118, 129)]",310,320,76,77,310,127,231,231,127,231,127,231,127,231,127,247,118,247,118,247,118,231,127,231,127,247,118,231,127,231.0,127.0,235.6121,124.4057,246.5294,118.2647,231.0,127.0,0.9352226720647774,1.0
ea4ffbe6-d246-4f53-9d10-b14ebba9b6b0,0,0,False,"[(106, 83), (103, 92), (90, 101)]",320,366,74,74,320,97,183,189,106,191,90,189,106,189,106,195,103,191,90,191,90,191,90,191,90,195,103,189,106,191.0,90.0001,190.0448,97.6419,191.0,90.0,189.0,106.0,0.9384615384615383,0.9682539682539684
ea4ffbe6-d246-4f53-9d10-b14ebba9b6b0,0,0,False,"[(83, 106), (92, 103), (101, 90)]",366,320,74,74,366,86,183,189,83,191,101,189,83,189,83,195,92,191,101,191,101,191,101,191,101,195,92,189,83,191.0,100.99990000000004,190.0448,92.4029,191.0,101.0,189.0,83.0,0.9384615384615383,0.9682539682539684
04c43634-7a45-4906-a8f8-a2c8aacf1dc6,0,0,False,"[(118, 73), (101, 90)]",332,276,80,60,332,109,185,191,118,191,101,191,118,191,118,191,101,191,118,191,101,191,118,191,118,191,101,191,118,191.0,117.9846,191.0,110.0484,191.0,118.0,191.0,101.0,0.9685863874345548,0.9685863874345548
04c43634-7a45-4906-a8f8-a2c8aacf1dc6,0,0,False,"[(73, 118), (90, 101)]",276,332,60,80,276,76,185,191,73,191,90,191,73,191,73,191,90,191,73,191,90,191,73,191,73,191,90,191,73,191.0,73.0154,191.0,80.95160000000001,191.0,73.0,191.0,90.0,0.9685863874345548,0.9685863874345548
ce13e28b-8cd9-424e-996e-37efe3a30ae9,3,23,False,"[(132, 109), (125, 114), (98, 121), (108, 119)]",320,298,87,84,320,101,213,219,98,227,108,219,98,219,98,239,125,241,132,239,125,219,98,219,98,241,132,219,98,219.0,98.0,225.4476,107.9644,240.5218,131.2609,219.0,98.0,0.8838174273858921,0.9726027397260274
ce13e28b-8cd9-424e-996e-37efe3a30ae9,3,23,False,"[(109, 132), (114, 125), (121, 98), (119, 108)]",298,320,84,87,298,112,213,219,121,227,119,219,121,219,121,239,114,241,109,239,114,219,121,219,121,241,109,219,121,219.0,121.0,225.4476,117.4832,240.5218,109.2609,219.0,121.0,0.8838174273858921,0.9726027397260274
fe1f9c83-4d5b-433a-ac52-29aa3d703fd0,0,0,False,"[(76, 99), (80, 91), (105, 82)]",320,354,67,71,320,79,169,175,76,171,80,171,80,171,80,171,80,175,76,171,80,171,80,171,80,187,105,171,80,171.0,80.0,172.9706,83.07910000000001,175.0,76.0,171.0,80.0,0.9037433155080212,0.9883040935672516
fe1f9c83-4d5b-433a-ac52-29aa3d703fd0,0,0,False,"[(99, 76), (91, 80), (82, 105)]",354,320,71,67,354,90,169,175,99,171,91,171,91,171,91,171,91,175,99,171,91,171,91,171,91,187,82,171,91,171.0,91.0,172.9706,89.89150000000001,175.0,99.0,171.0,91.0,0.9037433155080212,0.9883040935672516
02f443dc-6b4c-46f9-82d0-187003cd08d4,2,22,False,"[(83, 106), (91, 102)]",310,310,72,67,310,86,183,189,83,193,91,189,83,189,83,193,91,193,91,193,91,189,83,189,83,193,91,189,83,189.0,83.0,190.4122,85.8243,193.0,91.0,189.0,83.0,0.9481865284974094,0.9682539682539684
02f443dc-6b4c-46f9-82d0-187003cd08d4,2,22,False,"[(106, 83), (102, 91)]",310,310,67,72,310,97,183,189,106,193,102,189,106,189,106,193,102,193,102,193,102,189,106,189,106,193,102,189,106,189.0,106.0,190.4122,104.5879,193.0,102.0,189.0,106.0,0.9481865284974094,0.9682539682539684
219faf2b-c6b7-4320-8c5a-a0ce3165f705,1,1,False,"[(106, 117), (119, 108), (98, 121)]",364,376,87,94,364,101,213,219,98,223,106,219,98,219,98,223,106,223,106,223,106,219,98,219,98,227,119,219,98,219.0001,98.0002,222.04469999999992,105.9923,221.58820000000003,104.7941,219.0,98.0,0.9383259911894272,0.9726027397260274
219faf2b-c6b7-4320-8c5a-a0ce3165f705,1,1,False,"[(117, 106), (108, 119), (121, 98)]",376,364,94,87,376,112,213,219,121,223,117,219,121,219,121,223,117,223,117,223,117,219,121,219,121,227,108,219,121,219.0001,120.9999,222.04469999999992,116.05239999999998,221.58820000000003,116.7941,219.0,121.0,0.9383259911894272,0.9726027397260274
dbc72e16-8e27-49e8-ae60-928dee135a25,2,22,False,"[(110, 121), (113, 80)]",320,310,78,75,320,113,193,193,113,193,113,193,113,193,113,231,110,193,113,193,113,193,113,193,113,231,110,193,113,193.0,113.0,195.8193,112.7774,212.8636,111.4318,193.0,113.0,0.8354978354978355,1.0
dbc72e16-8e27-49e8-ae60-928dee135a25,2,22,False,"[(121, 110), (80, 113)]",310,320,75,78,310,80,193,193,80,193,80,193,80,193,80,231,121,193,80,193,80,193,80,193,80,231,121,193,80,193.0,80.0,195.8193,83.0419,212.8636,101.4318,193.0,80.0,0.8354978354978355,1.0
150299ae-347a-4d82-8cdf-651315714528,1,11,False,"[(146, 135), (155, 122)]",364,320,128,111,364,155,277,277,155,281,146,277,155,277,155,281,146,277,155,281,146,277,155,277,155,281,146,277,155,277.0,155.0,278.5442,151.5256,277.0,155.0,277.0,155.0,0.9857651245551602,1.0
150299ae-347a-4d82-8cdf-651315714528,1,11,False,"[(135, 146), (122, 155)]",320,364,111,128,320,122,277,277,122,281,135,277,122,277,122,281,135,277,122,281,135,277,122,277,122,281,135,277,122,277.0,122.0,278.5442,127.0186,277.0,122.0,277.0,122.0,0.9857651245551602,1.0
41fbb4f4-0870-4c5a-b254-ce7c413cd394,2,22,False,"[(75, 98), (84, 73)]",310,276,66,59,310,84,157,157,84,157,84,157,84,157,84,157,84,157,84,157,84,157,84,157,84,173,75,157,84,157.0,84.0,160.79539999999997,81.86510000000001,157.0,84.0,157.0,84.0,0.907514450867052,1.0
41fbb4f4-0870-4c5a-b254-ce7c413cd394,2,22,False,"[(98, 75), (73, 84)]",276,310,59,66,276,73,157,157,73,157,73,157,73,157,73,157,73,157,73,157,73,157,73,157,73,173,98,157,73,157.0,73.0,160.79539999999997,78.93029999999999,157.0,73.0,157.0,73.0,0.907514450867052,1.0
da7864d5-8386-4213-95a8-f371423288a8,0,0,False,"[(78, 101), (88, 77), (96, 73)]",310,276,63,63,310,83,155,169,96,165,88,165,88,165,88,165,88,169,96,165,88,165,88,165,88,179,78,165,88,165.0,88.0,167.03049999999996,86.5496,169.0,96.0,165.0,88.0,0.8659217877094972,0.9393939393939394
da7864d5-8386-4213-95a8-f371423288a8,0,0,False,"[(101, 78), (77, 88), (73, 96)]",276,310,63,63,276,72,155,169,73,165,77,165,77,165,77,165,77,169,73,165,77,165,77,165,77,179,101,165,77,165.0,77.0,167.03049999999996,80.48089999999999,169.0,73.0,165.0,77.0,0.8659217877094972,0.9393939393939394
a44028e8-15bb-4212-9277-bb68b56275ef,2,22,False,"[(88, 209), (141, 174)]",310,364,77,102,310,88,297,297,88,315,141,297,88,297,88,315,141,315,141,315,141,297,88,297,88,315,141,297,88,297.0307,88.09030000000001,304.8397,111.0835,310.7046,128.3523,297.0,88.0,0.9428571428571428,1.0
a44028e8-15bb-4212-9277-bb68b56275ef,2,22,False,"[(209, 88), (174, 141)]",364,310,102,77,364,209,297,297,209,315,174,297,209,297,209,315,174,315,174,315,174,297,209,297,209,315,174,297,209,297.0307,208.9404,304.8397,193.7562,310.7046,182.3523,297.0,209.0,0.9428571428571428,1.0
c2d6c3d9-e237-4796-adbb-7fba04c58ef6,0,0,False,"[(369, 358), (356, 367), (347, 370)]",1068,1102,327,342,1068,350,711,717,347,723,356,717,347,717,347,727,369,717,347,723,356,717,347,717,347,727,369,717,347,717.0005999999998,347.0014,720.4581000000001,354.6077,717.0,347.0,717.0,347.0,0.9779917469050894,0.99163179916318
c2d6c3d9-e237-4796-adbb-7fba04c58ef6,0,0,False,"[(358, 369), (367, 356), (370, 347)]",1102,1068,342,327,1102,361,711,717,370,723,367,717,370,717,370,727,358,717,370,723,367,717,370,717,370,727,358,717,370,717.0005999999998,369.9992,720.4581000000001,365.8504,717.0,370.0,717.0,370.0,0.9779917469050894,0.99163179916318
d68f364d-ed25-4ffc-be6e-32575ba48b11,2,22,False,"[(84, 107), (88, 99), (120, 97)]",310,310,75,76,310,87,185,191,84,187,88,187,88,187,88,187,88,187,88,187,88,187,88,187,88,217,120,187,88,187.0,88.0,187.6015,87.39850000000001,196.7058,98.3529,187.0,88.0,0.8525345622119815,0.9893048128342246
d68f364d-ed25-4ffc-be6e-32575ba48b11,2,22,False,"[(107, 84), (99, 88), (97, 120)]",310,310,76,75,310,98,185,191,107,187,99,187,99,187,99,187,99,187,99,187,99,187,99,187,99,217,97,187,99,187.0,99.0,187.6015,100.203,196.7058,98.3529,187.0,99.0,0.8525345622119815,0.9893048128342246
15e52ccb-1eb4-43bc-ba80-40660c9f4f24,2,22,False,"[(105, 336), (118, 283), (154, 275), (163, 262), (167, 244), (180, 213)]",320,376,77,113,320,180,393,441,105,393,180,393,180,393,180,393,180,393,180,393,180,401,118,393,180,441,105,393,180,393.282,177.8143,396.8877,149.87,394.394,169.197,393.0,180.0,0.891156462585034,1.0
15e52ccb-1eb4-43bc-ba80-40660c9f4f24,2,22,False,"[(336, 105), (283, 118), (275, 154), (262, 163), (244, 167), (213, 180)]",376,320,113,77,376,213,393,441,336,393,213,393,213,393,213,393,213,393,213,393,213,401,283,393,213,441,336,393,213,393.282,215.4677,396.8877,247.0177,394.394,225.197,393.0,213.0,0.891156462585034,1.0
4f20c171-195b-4114-ae45-1e756d2c7ffb,2,22,False,"[(83, 106), (99, 76)]",310,310,72,63,310,99,175,175,99,175,99,175,99,175,99,189,83,175,99,175,99,175,99,175,99,189,83,175,99,175.0,99.0,179.96640000000002,93.324,182.0,91.0,175.0,99.0,0.925925925925926,1.0
4f20c171-195b-4114-ae45-1e756d2c7ffb,2,22,False,"[(106, 83), (76, 99)]",310,310,63,72,310,76,175,175,76,175,76,175,76,175,76,189,106,175,76,175,76,175,76,175,76,189,106,175,76,175.0,76.0,179.96640000000002,86.64240000000001,182.0,91.0,175.0,76.0,0.925925925925926,1.0
1504e623-b7bb-4898-bdf1-f817fc374678,0,0,False,"[(466, 455), (474, 451)]",1344,1310,456,440,1344,465,919,925,474,921,466,921,466,921,466,921,466,925,474,921,466,921,466,921,466,925,474,921,466,921.0,466.0,922.3528,468.7057,925.0,474.0,921.0,466.0,0.9935135135135136,0.997828447339848
1504e623-b7bb-4898-bdf1-f817fc374678,0,0,False,"[(455, 466), (451, 474)]",1310,1344,440,456,1310,454,919,925,451,921,455,921,455,921,455,921,455,925,451,921,455,921,455,921,455,925,451,921,455,921.0,455.0,922.3528,453.6471,925.0,451.0,921.0,455.0,0.9935135135135136,0.997828447339848
ad5bcc43-d4cd-4b52-8298-f07f25e7ce02,1,22,False,"[(106, 117), (135, 112)]",354,342,97,97,354,106,223,223,106,223,106,223,106,223,106,223,106,223,106,223,106,223,106,223,106,247,135,223,106,223.0,106.0,226.7623,110.5461,239.2352,125.6176,223.0,106.0,0.902834008097166,1.0
ad5bcc43-d4cd-4b52-8298-f07f25e7ce02,1,22,False,"[(117, 106), (112, 135)]",342,354,97,97,342,117,223,223,117,223,117,223,117,223,117,223,117,223,117,223,117,223,117,223,117,247,112,223,117,223.0,117.0,226.7623,116.2162,239.2352,113.6176,223.0,117.0,0.902834008097166,1.0
67453bc6-8161-4076-b72e-99d86eeeb1e2,0,0,False,"[(359, 370), (368, 357), (376, 353)]",850,496,257,130,850,367,723,729,376,725,368,725,368,725,368,729,359,729,376,729,376,725,368,729,376,729,359,725,368,729.0,376.0,725.8713,369.7426,729.0,376.0,725.0,368.0,0.9917695473251028,0.9972413793103448
67453bc6-8161-4076-b72e-99d86eeeb1e2,0,0,False,"[(370, 359), (357, 368), (353, 376)]",496,850,130,257,496,356,723,729,353,725,357,725,357,725,357,729,370,729,353,729,353,725,357,729,353,729,370,725,357,729.0,353.0,725.8713,356.1287,729.0,353.0,725.0,357.0,0.9917695473251028,0.9972413793103448
8e890091-729d-441b-bbfc-3aaf42669116,3,23,False,"[(97, 86), (86, 97), (76, 99)]",320,320,67,68,320,79,169,175,76,183,97,175,76,175,76,183,97,183,97,183,97,175,76,175,76,183,97,175,76,175.0,76.0,178.13819999999998,84.2379,180.41180000000003,90.2059,175.0,76.0,0.9234972677595628,0.9657142857142856
8e890091-729d-441b-bbfc-3aaf42669116,3,23,False,"[(86, 97), (97, 86), (99, 76)]",320,320,68,67,320,90,169,175,99,183,86,175,99,175,99,183,86,183,86,183,86,175,99,175,99,183,86,175,99,175.0,99.0,178.13819999999998,93.9003,180.41180000000003,90.2059,175.0,99.0,0.9234972677595628,0.9657142857142856
c14d8db8-b6c9-48a7-a601-417f0ebc4267,1,11,False,"[(88, 77), (83, 94)]",320,298,68,68,320,88,165,165,88,165,88,165,88,165,88,165,88,165,88,165,88,165,88,165,88,177,83,165,88,165.0,88.0,167.5827,86.9238,165.0,88.0,165.0,88.0,0.9322033898305084,1.0
c14d8db8-b6c9-48a7-a601-417f0ebc4267,1,11,False,"[(77, 88), (94, 83)]",298,320,68,68,298,77,165,165,77,165,77,165,77,165,77,165,77,165,77,165,77,165,77,165,77,177,94,165,77,165.0,77.0,167.5827,80.65889999999999,165.0,77.0,165.0,77.0,0.9322033898305084,1.0
cfa0433e-a3b1-4ece-8c73-05f07a08401e,1,11,False,"[(121, 132), (112, 135)]",375,375,103,103,375,115,241,247,112,253,121,247,112,247,112,253,121,253,121,253,121,247,112,247,112,253,121,247,112,247.0,112.0,248.5907,114.3861,253.0,121.0,247.0,112.0,0.9525691699604744,0.9757085020242916
cfa0433e-a3b1-4ece-8c73-05f07a08401e,1,11,False,"[(132, 121), (135, 112)]",375,375,103,103,375,126,241,247,135,253,132,247,135,247,135,253,132,253,132,253,132,247,135,247,135,253,132,247,135,247.0,135.0,248.5907,134.2046,253.0,132.0,247.0,135.0,0.9525691699604744,0.9757085020242916
bc6e1870-cbc9-487e-989b-5e8de4419bd3,1,1,False,"[(92, 103), (103, 80)]",365,353,73,69,365,103,183,183,103,195,92,183,103,183,103,195,92,183,103,183,103,183,103,183,103,195,92,183,103,183.0,103.0,186.8824,99.44119999999998,186.8824,99.44119999999998,183.0,103.0,0.9384615384615383,1.0
bc6e1870-cbc9-487e-989b-5e8de4419bd3,1,1,False,"[(103, 92), (80, 103)]",353,365,69,73,353,80,183,183,80,195,103,183,80,183,80,195,103,183,80,183,80,183,80,183,80,195,103,183,80,183.0,80.0,186.8824,87.44119999999998,186.8824,87.44119999999998,183.0,80.0,0.9384615384615383,1.0
cc3df2c4-35ca-4c24-bd0b-b5f393874554,0,0,False,"[(96, 85), (104, 81)]",355,309,86,70,355,95,179,185,104,181,96,181,96,181,96,181,96,185,104,181,96,181,96,181,96,185,104,181,96,181.0,96.0,182.4489,98.8979,185.0,104.0,181.0,96.0,0.9675675675675676,0.988950276243094
cc3df2c4-35ca-4c24-bd0b-b5f393874554,0,0,False,"[(85, 96), (81, 104)]",309,355,70,86,309,84,179,185,81,181,85,181,85,181,85,181,85,185,81,181,85,181,85,181,85,185,81,181,85,181.0,85.0,182.4489,83.55099999999999,185.0,81.0,181.0,85.0,0.9675675675675676,0.988950276243094
381fc59a-9284-4ce3-aefa-27e2d880e9b7,2,22,False,"[(102, 125), (138, 115)]",365,365,93,101,365,102,227,227,102,227,102,227,102,227,102,227,102,227,102,227,102,227,102,227,102,253,138,227,102,227.0,102.0,232.8796,110.141,240.0,120.0,227.0,102.0,0.8972332015810277,1.0
381fc59a-9284-4ce3-aefa-27e2d880e9b7,2,22,False,"[(125, 102), (115, 138)]",365,365,101,93,365,125,227,227,125,227,125,227,125,227,125,227,125,227,125,227,125,227,125,227,125,253,115,227,125,227.0,125.0,232.8796,122.7386,240.0,120.0,227.0,125.0,0.8972332015810277,1.0
b9a90231-8ad2-4415-b1a5-138c028bbb39,2,22,False,"[(198, 275), (216, 271), (220, 253)]",673,683,187,208,673,220,473,473,198,473,220,473,198,473,198,473,220,473,220,473,220,473,198,473,220,487,216,473,198,473.0,219.99990000000005,473.0,209.54700000000005,473.0,220.0,473.0,198.0,0.971252566735113,1.0
b9a90231-8ad2-4415-b1a5-138c028bbb39,2,22,False,"[(275, 198), (271, 216), (253, 220)]",683,673,208,187,683,253,473,473,275,473,253,473,275,473,275,473,253,473,253,473,253,473,275,473,253,487,271,473,275,473.0,253.0001,473.0,263.453,473.0,253.0,473.0,275.0,0.971252566735113,1.0
2ef04fa5-8763-4406-aef9-d94bfb63e5ba,0,0,False,"[(120, 131), (111, 134), (125, 114)]",355,309,99,100,355,107,225,245,111,239,125,239,125,239,125,251,120,239,125,239,125,239,125,239,125,251,120,239,125,239.0,125.0,241.15250000000003,119.9777,239.0,125.0,239.0,125.0,0.896414342629482,0.9414225941422594
2ef04fa5-8763-4406-aef9-d94bfb63e5ba,0,0,False,"[(131, 120), (134, 111), (114, 125)]",309,355,100,99,309,118,225,245,134,239,114,239,114,239,114,251,131,239,114,239,114,239,114,239,114,251,131,239,114,239.0,114.0,241.15250000000003,121.1748,239.0,114.0,239.0,114.0,0.896414342629482,0.9414225941422594
cf51d67d-c20f-401a-9015-90ba6c289e12,1,1,False,"[(104, 115), (100, 123)]",375,387,89,88,375,103,217,223,100,219,104,219,104,219,104,219,104,219,104,219,104,219,104,219,104,223,100,219,104,219.0,104.0,220.32359999999997,102.6764,219.3334,103.6667,219.0,104.0,0.9730941704035876,0.9908675799086758
cf51d67d-c20f-401a-9015-90ba6c289e12,1,1,False,"[(115, 104), (123, 100)]",387,375,88,89,387,114,217,223,123,219,115,219,115,219,115,219,115,219,115,219,115,219,115,219,115,223,123,219,115,219.0,115.0,220.32359999999997,117.6472,219.3334,115.6667,219.0,115.0,0.9730941704035876,0.9908675799086758
94c26b24-d03d-4fa7-81eb-93b6f79dc194,1,1,False,"[(216, 205), (224, 201)]",585,573,197,190,585,215,419,425,224,421,216,421,216,421,216,421,216,421,216,421,216,421,216,421,216,425,224,421,216,421.0,216.0,422.3262,218.65230000000005,421.3334,216.6667,421.0,216.0,0.9858823529411764,0.995249406175772
94c26b24-d03d-4fa7-81eb-93b6f79dc194,1,1,False,"[(205, 216), (201, 224)]",573,585,190,197,573,204,419,425,201,421,205,421,205,421,205,421,205,421,205,421,205,421,205,421,205,425,201,421,205,421.0,205.0,422.3262,203.6739,421.3334,204.6667,421.0,205.0,0.9858823529411764,0.995249406175772
578cb38e-20ff-4ef1-8968-f6b14f573f2d,0,0,False,"[(117, 140), (121, 132)]",375,409,108,111,375,120,251,257,117,253,121,253,121,253,121,253,121,257,117,253,121,253,121,253,121,257,117,253,121,253.0,121.0,254.3973000000001,119.6028,257.0,117.0,253.0,121.0,0.9766536964980544,0.9920948616600792
578cb38e-20ff-4ef1-8968-f6b14f573f2d,0,0,False,"[(140, 117), (132, 121)]",409,375,111,108,409,131,251,257,140,253,132,253,132,253,132,253,132,257,140,253,132,253,132,253,132,257,140,253,132,253.0,132.0,254.3973000000001,134.79450000000003,257.0,140.0,253.0,132.0,0.9766536964980544,0.9920948616600792
0399f84d-ffa6-41a2-b956-828adfb35fc1,2,22,False,"[(117, 140), (121, 132)]",365,365,100,107,365,129,247,257,117,253,121,253,121,253,121,253,121,253,121,253,121,253,121,253,121,257,117,253,121,253.0,121.0,254.27840000000003,119.7215,253.0,121.0,253.0,121.0,0.9610894941634242,0.9762845849802372
0399f84d-ffa6-41a2-b956-828adfb35fc1,2,22,False,"[(140, 117), (132, 121)]",365,365,107,100,365,118,247,257,140,253,132,253,132,253,132,253,132,253,132,253,132,253,132,253,132,257,140,253,132,253.0,132.0,254.27840000000003,134.5569,253.0,132.0,253.0,132.0,0.9610894941634242,0.9762845849802372
96b14188-ef5b-4d52-ac51-49049c0f3b51,0,0,False,"[(87, 110), (91, 102)]",365,331,85,89,365,90,191,197,87,193,91,193,91,193,91,193,91,193,91,193,91,193,91,193,91,197,87,193,91,193.0,91.0,194.1669,89.8331,193.0,91.0,193.0,91.0,0.9695431472081218,0.9896373056994818
96b14188-ef5b-4d52-ac51-49049c0f3b51,0,0,False,"[(110, 87), (102, 91)]",331,365,89,85,331,101,191,197,110,193,102,193,102,193,102,193,102,193,102,193,102,193,102,193,102,197,110,193,102,193.0,102.0,194.1669,104.3338,193.0,102.0,193.0,102.0,0.9695431472081218,0.9896373056994818
a301d4c5-dd7c-45b5-9427-74f9aaf836b3,3,55,False,"[(543, 576), (552, 563)]",1333,1233,489,443,1333,556,1101,1119,543,1115,552,1115,552,1115,552,1115,552,1115,552,1115,552,1115,552,1115,552,1119,543,1115,552,1115.0,552.0,1116.4798,548.6706,1115.0,552.0,1115.0,552.0,0.9839142091152816,0.9874439461883407
a301d4c5-dd7c-45b5-9427-74f9aaf836b3,3,55,False,"[(576, 543), (563, 552)]",1233,1333,443,489,1233,545,1101,1119,576,1115,563,1115,563,1115,563,1115,563,1115,563,1115,563,1115,563,1115,563,1119,576,1115,563,1115.0,563.0,1116.4798,567.8092,1115.0,563.0,1115.0,563.0,0.9839142091152816,0.9874439461883407
a8d261d2-a70c-4249-94ab-d1c2cb314b46,0,0,False,"[(94, 105), (117, 94)]",355,309,85,83,355,94,199,199,94,199,94,199,94,199,94,199,94,211,117,211,117,199,94,199,94,211,117,199,94,199.0,94.0,203.40779999999995,102.4484,211.0,117.0,199.0,94.0,0.943127962085308,1.0
a8d261d2-a70c-4249-94ab-d1c2cb314b46,0,0,False,"[(105, 94), (94, 117)]",309,355,83,85,309,105,199,199,105,199,105,199,105,199,105,199,105,211,94,211,94,199,105,199,105,211,94,199,105,199.0,105.0,203.40779999999995,100.9594,211.0,94.0,199.0,105.0,0.943127962085308,1.0
5c64eeaf-8a8f-4de7-af38-bc68e498ff43,2,22,False,"[(110, 99), (92, 103), (113, 90)]",375,387,78,81,375,92,195,203,113,195,92,195,92,195,92,209,110,195,92,195,92,195,92,195,92,209,110,195,92,195.0001,92.00009999999996,197.96810000000005,99.79129999999998,195.0,92.0,195.0,92.0,0.9330143540669856,1.0
5c64eeaf-8a8f-4de7-af38-bc68e498ff43,2,22,False,"[(99, 110), (103, 92), (90, 113)]",387,375,81,78,387,103,195,203,90,195,103,195,103,195,103,209,99,195,103,195,103,195,103,195,103,209,99,195,103,195.0001,103.0,197.96810000000005,98.1768,195.0,103.0,195.0,103.0,0.9330143540669856,1.0
d7c32ad4-8ab9-43e7-a1a2-11084d2ee434,2,22,False,"[(142, 153), (168, 145)]",431,397,133,131,431,142,295,295,142,295,142,295,142,295,142,295,142,313,168,295,142,295,142,295,142,313,168,295,142,295.0,142.0,299.69500000000005,148.78160000000003,313.0,168.0,295.0,142.0,0.9424920127795527,1.0
d7c32ad4-8ab9-43e7-a1a2-11084d2ee434,2,22,False,"[(153, 142), (145, 168)]",397,431,131,133,397,153,295,295,153,295,153,295,153,295,153,295,153,313,145,295,153,295,153,295,153,313,145,295,153,295.0,153.0,299.69500000000005,150.9134,313.0,145.0,295.0,153.0,0.9424920127795527,1.0
53e91f4e-1981-4abe-975a-ed9a7120bdba,1,1,False,"[(170, 159), (135, 190)]",375,453,112,137,375,129,313,325,135,329,170,325,135,325,135,329,170,325,135,325,135,325,135,325,135,329,170,325,135,325.0,135.0004,326.6785,149.687,325.0,135.0,325.0,135.0,0.9513677811550152,0.963076923076923
53e91f4e-1981-4abe-975a-ed9a7120bdba,1,1,False,"[(159, 170), (190, 135)]",453,375,137,112,453,184,313,325,190,329,159,325,190,325,190,329,159,325,190,325,190,325,190,325,190,329,159,325,190,325.0,189.9996,326.6785,176.99149999999997,325.0,190.0,325.0,190.0,0.9513677811550152,0.963076923076923
646e8bb8-a17d-425e-a06a-775c8540e661,0,0,False,"[(94, 71), (77, 88)]",355,309,67,57,355,85,159,165,94,165,77,165,94,165,94,165,77,165,94,165,94,165,94,165,94,165,77,165,94,165.0,93.99720000000002,165.0,86.15890000000002,165.0,94.0,165.0,77.0,0.9636363636363636,0.9636363636363636
646e8bb8-a17d-425e-a06a-775c8540e661,0,0,False,"[(71, 94), (88, 77)]",309,355,57,67,309,74,159,165,71,165,88,165,71,165,71,165,88,165,71,165,71,165,71,165,71,165,88,165,71,165.0,71.00280000000001,165.0,78.84110000000001,165.0,71.0,165.0,88.0,0.9636363636363636,0.9636363636363636
644633f2-774f-4ac8-9c49-1eac578a2bc1,1,11,False,"[(118, 129), (122, 111)]",397,397,109,91,397,122,233,233,122,233,122,233,122,233,122,247,118,233,122,233,122,233,122,233,122,247,118,233,122,233.0,122.0,235.59750000000008,121.2579,240.0,120.0,233.0,122.0,0.9433198380566802,1.0
644633f2-774f-4ac8-9c49-1eac578a2bc1,1,11,False,"[(129, 118), (111, 122)]",397,397,91,109,397,111,233,233,111,233,111,233,111,233,111,247,129,233,111,233,111,233,111,233,111,247,129,233,111,233.0,111.0,235.59750000000008,114.33960000000002,240.0,120.0,233.0,111.0,0.9433198380566802,1.0
25a69f11-a9d8-41dc-90e5-68863ca715e0,3,99,False,"[(545, 380), (527, 384)]",749,485,275,183,749,527,911,925,545,911,527,911,527,911,527,911,527,925,545,925,545,911,527,911,527,925,545,911,527,911.0,527.0,915.4752,532.7538,925.0,545.0,911.0,527.0,0.9848648648648648,1.0
25a69f11-a9d8-41dc-90e5-68863ca715e0,3,99,False,"[(380, 545), (384, 527)]",485,749,183,275,485,384,911,925,380,911,384,911,384,911,384,911,384,925,380,925,380,911,384,911,384,925,380,911,384,911.0,384.0,915.4752,382.7214,925.0,380.0,911.0,384.0,0.9848648648648648,1.0
def6a9c0-73a3-4edc-a5da-ae91d9f9c9ff,0,0,False,"[(183, 206), (187, 198)]",507,553,169,188,507,186,383,389,183,385,187,385,187,385,187,385,187,389,183,385,187,385,187,385,187,389,183,385,187,385.0,187.0,386.4157,185.5842,389.0,183.0,385.0,187.0,0.9845758354755784,0.9948051948051948
def6a9c0-73a3-4edc-a5da-ae91d9f9c9ff,0,0,False,"[(206, 183), (198, 187)]",553,507,188,169,553,197,383,389,206,385,198,385,198,385,198,385,198,389,206,385,198,385,198,385,198,389,206,385,198,385.0,198.0,386.4157,200.8315,389.0,206.0,385.0,198.0,0.9845758354755784,0.9948051948051948
f19ecb00-896a-4e2b-ad06-619e4bd7c6a1,3,23,False,"[(247, 258), (255, 232)]",365,497,140,191,365,246,481,487,255,487,255,487,255,487,255,505,247,505,247,505,247,487,255,487,255,505,247,487,255,487.0,255.0,494.3554,251.7309,505.0,247.0,487.0,255.0,0.9524752475247524,0.9876796714579056
f19ecb00-896a-4e2b-ad06-619e4bd7c6a1,3,23,False,"[(258, 247), (232, 255)]",497,365,191,140,497,235,481,487,232,487,232,487,232,487,232,505,258,505,258,505,258,487,232,487,232,505,258,487,232,487.0,232.0,494.3554,242.6245,505.0,258.0,487.0,232.0,0.9524752475247524,0.9876796714579056
287a1696-9f08-41de-8d78-09dd2aec29b7,2,22,False,"[(124, 135), (116, 139), (135, 124)]",365,331,107,110,365,117,245,255,116,259,124,255,116,255,116,259,124,259,135,259,135,255,116,255,116,259,124,255,116,255.6105,118.9,256.9484,125.2547,259.0,135.0,255.0,116.0,0.945945945945946,0.9607843137254902
287a1696-9f08-41de-8d78-09dd2aec29b7,2,22,False,"[(135, 124), (139, 116), (124, 135)]",331,365,110,107,331,128,245,255,139,259,135,255,139,255,139,259,135,259,124,259,124,255,139,255,139,259,135,255,139,255.6105,136.7105,256.9484,131.6937,259.0,124.0,255.0,139.0,0.945945945945946,0.9607843137254902
f2709b1d-5c15-43ef-8e14-55a3a2cf46e9,2,22,False,"[(110, 99), (118, 95)]",365,365,86,86,365,109,207,213,118,209,110,209,110,209,110,209,110,209,110,209,110,209,110,209,110,213,118,209,110,209.0,110.0,210.283,112.566,209.0,110.0,209.0,110.0,0.971830985915493,0.9904306220095692
f2709b1d-5c15-43ef-8e14-55a3a2cf46e9,2,22,False,"[(99, 110), (95, 118)]",365,365,86,86,365,98,207,213,95,209,99,209,99,209,99,209,99,209,99,209,99,209,99,209,99,213,95,209,99,209.0,99.0,210.283,97.71699999999998,209.0,99.0,209.0,99.0,0.971830985915493,0.9904306220095692
8f2ccbff-3449-4ec4-848d-8793c007d1ef,2,22,False,"[(148, 159), (144, 167)]",541,507,135,135,541,147,305,311,144,307,148,307,148,307,148,307,148,307,148,307,148,307,148,307,148,311,144,307,148,307.0,148.0,308.2189,146.78109999999998,307.0,148.0,307.0,148.0,0.9807073954983924,0.993485342019544
8f2ccbff-3449-4ec4-848d-8793c007d1ef,2,22,False,"[(159, 148), (167, 144)]",507,541,135,135,507,158,305,311,167,307,159,307,159,307,159,307,159,307,159,307,159,307,159,307,159,311,167,307,159,307.0,159.0,308.2189,161.43779999999998,307.0,159.0,307.0,159.0,0.9807073954983924,0.993485342019544
23fc1cc7-e29f-4ea5-854f-29886c59b4aa,2,22,False,"[(99, 110), (117, 106), (120, 97)]",365,353,85,87,365,99,209,217,120,209,99,209,99,209,99,209,99,223,117,209,99,209,99,209,99,223,117,209,99,209.0,99.0,212.13160000000005,107.2203,214.41180000000003,113.2059,209.0,99.0,0.937219730941704,1.0
23fc1cc7-e29f-4ea5-854f-29886c59b4aa,2,22,False,"[(110, 99), (106, 117), (97, 120)]",353,365,87,85,353,110,209,217,97,209,110,209,110,209,110,209,110,223,106,209,110,209,110,209,110,223,106,209,110,209.0,110.0,212.13160000000005,104.9113,214.41180000000003,101.2059,209.0,110.0,0.937219730941704,1.0
c40273fd-3415-4e77-9fe1-8460fbabb838,0,0,False,"[(104, 81), (98, 87), (81, 104)]",355,309,72,70,355,95,179,185,104,185,98,185,104,185,104,185,98,185,104,185,98,185,104,185,104,185,81,185,104,185.0,103.9998,185.0,93.55380000000002,185.0,104.0,185.0,104.0,0.9675675675675676,0.9675675675675676
c40273fd-3415-4e77-9fe1-8460fbabb838,0,0,False,"[(81, 104), (87, 98), (104, 81)]",309,355,70,72,309,84,179,185,81,185,87,185,81,185,81,185,87,185,81,185,87,185,81,185,81,185,104,185,81,185.0,81.0002,185.0,91.4462,185.0,81.0,185.0,81.0,0.9675675675675676,0.9675675675675676
b95e5aab-b947-4510-a69b-9ddb28fad1c2,1,1,False,"[(148, 125), (116, 139), (120, 131)]",365,353,108,108,365,119,249,255,116,251,120,251,120,251,120,251,120,251,120,251,120,251,120,251,120,273,148,251,120,251.0001,120.0,252.6252,122.0685,265.8824,138.9412,251.0,120.0,0.912087912087912,0.9920318725099602
b95e5aab-b947-4510-a69b-9ddb28fad1c2,1,1,False,"[(125, 148), (139, 116), (131, 120)]",353,365,108,108,353,130,249,255,139,251,131,251,131,251,131,251,131,251,131,251,131,251,131,251,131,273,125,251,131,251.0001,131.0001,252.6252,130.5567,265.8824,126.9412,251.0,131.0,0.912087912087912,0.9920318725099602
64300348-d7d4-4723-bac3-352ca3005a29,2,22,False,"[(145, 122), (116, 127), (107, 130)]",365,353,106,98,365,110,231,237,107,243,116,237,107,237,107,243,116,243,116,243,116,237,107,237,107,267,145,237,107,237.0001,107.00009999999996,241.3407,113.511,259.2352,135.6176,237.0,107.0,0.8651685393258427,0.9746835443037974
64300348-d7d4-4723-bac3-352ca3005a29,2,22,False,"[(122, 145), (127, 116), (130, 107)]",353,365,98,106,353,121,231,237,130,243,127,237,130,237,130,243,127,243,127,243,127,237,130,237,130,267,122,237,130,237.0001,130.0,241.3407,127.8297,259.2352,123.6176,237.0,130.0,0.8651685393258427,0.9746835443037974
307902af-6be5-4015-9217-ef64035ed6d4,2,12,False,"[(110, 99), (101, 112)]",375,387,87,99,375,110,209,209,110,209,110,209,110,209,110,209,110,213,101,213,101,209,110,209,110,213,101,209,110,209.0,110.0,210.6848,106.20929999999998,213.0,101.0,209.0,110.0,0.9812206572769951,1.0
307902af-6be5-4015-9217-ef64035ed6d4,2,12,False,"[(99, 110), (112, 101)]",387,375,99,87,387,99,209,209,99,209,99,209,99,209,99,209,99,213,112,213,112,209,99,209,99,213,112,209,99,209.0,99.0,210.6848,104.4755,213.0,112.0,209.0,99.0,0.9812206572769951,1.0
2c763eab-6b12-40f8-af9d-84728ac4edc7,1,1,False,"[(50, 27), (48, 37)]",57,45,21,21,57,41,71,77,50,85,48,77,50,77,50,85,48,85,48,85,48,77,50,77,50,85,48,77,50,77.0,50.0,79.2857,49.4286,84.3334,48.1667,77.0,50.0,0.8352941176470589,0.922077922077922
2c763eab-6b12-40f8-af9d-84728ac4edc7,1,1,False,"[(27, 50), (37, 48)]",45,57,21,21,45,30,71,77,27,85,37,77,27,77,27,85,37,85,37,85,37,77,27,77,27,85,37,77,27,77.0,27.0,79.2857,29.857100000000003,84.3334,36.1667,77.0,27.0,0.8352941176470589,0.922077922077922
8b93e409-cd53-45bb-87cd-c8da8cad6d35,0,0,False,"[(194, 117), (207, 108), (215, 104)]",509,375,130,90,509,194,311,319,215,311,194,311,194,311,194,311,194,319,215,311,194,311,194,311,194,319,215,311,194,311.0001,194.0002,313.57629999999995,202.3729,319.0,215.0,311.0,194.0,0.974921630094044,1.0
8b93e409-cd53-45bb-87cd-c8da8cad6d35,0,0,False,"[(117, 194), (108, 207), (104, 215)]",375,509,90,130,375,117,311,319,104,311,117,311,117,311,117,311,117,319,104,311,117,311,117,311,117,319,104,311,117,311.0001,116.99990000000004,313.57629999999995,111.2034,319.0,104.0,311.0,117.0,0.974921630094044,1.0
4f0b5f06-bcfd-44c6-a9bc-4e0d044ffdfa,1,1,False,"[(23, 34), (36, 25)]",45,79,9,16,45,23,57,57,23,57,23,57,23,57,23,57,23,57,23,57,23,57,23,57,23,61,36,57,23,57.0,23.0,57.88,25.86,57.0,23.0,57.0,23.0,0.9344262295081968,1.0
4f0b5f06-bcfd-44c6-a9bc-4e0d044ffdfa,1,1,False,"[(34, 23), (25, 36)]",79,45,16,9,79,34,57,57,34,57,34,57,34,57,34,57,34,57,34,57,34,57,34,57,34,61,25,57,34,57.0,34.0,57.88,32.02,57.0,34.0,57.0,34.0,0.9344262295081968,1.0
