eid,path_time_div,is_sp_pne,Potential,SIP1,SIP2,SCP1,SCP2,SIP1|SIP2,Individual Time In Optimal Social Welfare,Optimal Social Welfare,Min-Min,Individual Time In Min-Min,Min-Max,Individual Time In Min-Max,Min-Sum,Individual Time In Min-Sum,Min-Avg,Individual Time In Min-Avg,Min-Abs,Individual Time In Min-Abs,Max-Min-Surplus,Individual Time In Max-Min-Surplus,Max-Min-Improvement,Individual Time In Max-Min-Improvement,Max-Avg-Improvement,Individual Time In Max-Avg-Improvement,MAX-Nash-Value,Individual Time In MAX-Nash-Value,MIN-Nash-Value,Individual Time In MIN-Nash-Value,MIN-Sum-Surplus,Individual Time In MIN-Sum-Surplus,Egalitarian,Individual Time In Egalitarian,Kalai_Smorodinsky,Individual Time In Kalai_Smorodinsky,Nash,Individual Time In Nash,Utilitarian,Individual Time In Utilitarian,PoA,PoS
23b269c6-c15e-4c8d-9f81-2e30100d4074,0,False,"[(78, 89), (91, 80)]",200,166,69,66,200,78,167,167,78,167,78,167,78,167,78,167,78,171,91,171,91,167,78,167,78,171,91,167,78,171.0,91.0,168.9819,84.4413,168.6581,83.3888,167.0,78.0,1.0239520958083832,1.0
23b269c6-c15e-4c8d-9f81-2e30100d4074,0,False,"[(89, 78), (80, 91)]",166,200,66,69,166,89,167,167,89,167,89,167,89,167,89,167,89,171,80,171,80,167,89,167,89,171,80,167,89,171.0,80.0,168.9819,84.5406,168.6581,85.2693,167.0,89.0,1.0239520958083832,1.0
b9963950-5772-440e-9ec1-b4b3b464b7e2,0,False,"[(76, 53), (67, 90)]",200,166,56,44,200,67,123,129,76,129,76,129,76,129,76,129,76,129,76,129,76,129,76,129,76,157,67,129,76,129.0,76.0,133.7956,74.4586,129.0,76.0,129.0,76.0,1.2764227642276422,1.048780487804878
b9963950-5772-440e-9ec1-b4b3b464b7e2,0,False,"[(53, 76), (90, 67)]",166,200,44,56,166,56,123,129,53,129,53,129,53,129,53,129,53,129,53,129,53,129,53,129,53,157,90,129,53,129.0,53.0,133.7956,59.337,129.0,53.0,129.0,53.0,1.2764227642276422,1.048780487804878
30a8514e-67d2-46ce-a6a0-260a3b04246a,0,False,"[(75, 98)]",232,278,61,89,232,78,167,173,75,173,75,173,75,173,75,173,75,173,75,173,75,173,75,173,75,173,75,173,75,173.0,75.0,173.0,75.0,173.0,75.0,173.0,75.0,1.035928143712575,1.035928143712575
30a8514e-67d2-46ce-a6a0-260a3b04246a,0,False,"[(98, 75)]",278,232,89,61,278,89,167,173,98,173,98,173,98,173,98,173,98,173,98,173,98,173,98,173,98,173,98,173,98,173.0,98.0,173.0,98.0,173.0,98.0,173.0,98.0,1.035928143712575,1.035928143712575
974575f6-3cef-4ae7-b0ed-e46e40954ef4,243,False,"[(891, 582), (869, 594)]",992,936,268,257,992,869,1463,1473,891,1463,869,1463,869,1463,869,1463,869,1463,869,1463,869,1463,869,1463,869,1473,891,1463,869,1463.0,869.0,1464.5933,872.5052000000001,1463.0,869.0,1463.0,869.0,1.0068352699931646,1.0
974575f6-3cef-4ae7-b0ed-e46e40954ef4,243,False,"[(582, 891), (594, 869)]",936,992,257,268,936,594,1463,1473,582,1463,594,1463,594,1463,594,1463,594,1463,594,1463,594,1463,594,1463,594,1473,582,1463,594,1463.0,594.0,1464.5933,592.0880999999999,1463.0,594.0,1463.0,594.0,1.0068352699931646,1.0
d3818b98-c3a2-4a1a-9632-8736e6c5b0aa,11,False,"[(79, 68)]",210,210,57,57,210,79,147,147,79,147,79,147,79,147,79,147,79,147,79,147,79,147,79,147,79,147,79,147,79,147.0,79.0,147.0,79.0,147.0,79.0,147.0,79.0,1.0,1.0
d3818b98-c3a2-4a1a-9632-8736e6c5b0aa,11,False,"[(68, 79)]",210,210,57,57,210,68,147,147,68,147,68,147,68,147,68,147,68,147,68,147,68,147,68,147,68,147,68,147,68,147.0,68.0,147.0,68.0,147.0,68.0,147.0,68.0,1.0,1.0
19d8c32c-502a-41b3-a092-0e772d203a21,23,False,"[(80, 91), (76, 99)]",254,254,67,67,254,79,169,175,76,171,80,171,80,171,80,171,80,171,80,171,80,171,80,171,80,175,76,171,80,171.0,80.0,172.25619999999998,78.74369999999999,171.0,80.0,171.0,80.0,1.0355029585798816,1.0118343195266273
19d8c32c-502a-41b3-a092-0e772d203a21,23,False,"[(91, 80), (99, 76)]",254,254,67,67,254,90,169,175,99,171,91,171,91,171,91,171,91,171,91,171,91,171,91,171,91,175,99,171,91,171.0,91.0,172.25619999999998,93.51249999999999,171.0,91.0,171.0,91.0,1.0355029585798816,1.0118343195266273
f1d24e7f-fe08-46d5-85d8-f222da6cffb4,0,False,"[(164, 119), (154, 199)]",376,320,114,110,376,155,277,283,164,283,164,283,164,283,164,283,164,283,164,283,164,283,164,283,164,353,154,283,164,283.0,164.0,290.1168,162.9833,283.0,164.0,283.0,164.0,1.2743682310469313,1.0216606498194947
f1d24e7f-fe08-46d5-85d8-f222da6cffb4,0,False,"[(119, 164), (199, 154)]",320,376,110,114,320,122,277,283,119,283,119,283,119,283,119,283,119,283,119,283,119,283,119,283,119,353,199,283,119,283.0,119.0,290.1168,127.1335,283.0,119.0,283.0,119.0,1.2743682310469313,1.0216606498194947
acb6b9de-1278-4f86-af30-780588ec2e8c,11,False,"[(98, 75)]",244,210,89,61,244,98,173,173,98,173,98,173,98,173,98,173,98,173,98,173,98,173,98,173,98,173,98,173,98,173.0,98.0,173.0,98.0,173.0,98.0,173.0,98.0,1.0,1.0
acb6b9de-1278-4f86-af30-780588ec2e8c,11,False,"[(75, 98)]",210,244,61,89,210,75,173,173,75,173,75,173,75,173,75,173,75,173,75,173,75,173,75,173,75,173,75,173,75,173.0,75.0,173.0,75.0,173.0,75.0,173.0,75.0,1.0,1.0
da177897-0a09-43ad-8c32-4862fbba2249,11,False,"[(86, 63), (68, 91)]",200,166,63,49,200,77,143,149,86,149,86,149,86,149,86,149,86,149,86,149,86,149,86,149,86,159,68,149,86,149.0,86.0,152.3405,79.987,149.0,86.0,149.0,86.0,1.1118881118881119,1.0419580419580419
da177897-0a09-43ad-8c32-4862fbba2249,11,False,"[(63, 86), (91, 68)]",166,200,49,63,166,66,143,149,63,149,63,149,63,149,63,149,63,149,63,149,63,149,63,149,63,159,91,149,63,149.0,63.0,152.3405,72.3535,149.0,63.0,149.0,63.0,1.1118881118881119,1.0419580419580419
7764ec34-9b10-406e-990d-ba3880196cb3,11,False,"[(86, 75), (73, 84)]",210,188,64,61,210,73,157,157,73,157,73,157,73,157,73,161,86,161,86,161,86,157,73,157,73,161,86,157,73,161.0,86.0,158.8253,78.9323,157.0019,73.006,157.0,73.0,1.0254777070063694,1.0
7764ec34-9b10-406e-990d-ba3880196cb3,11,False,"[(75, 86), (84, 73)]",188,210,61,64,188,84,157,157,84,157,84,157,84,157,84,161,75,161,75,161,75,157,84,157,84,161,75,157,84,161.0,75.0,158.8253,79.893,157.0019,83.9959,157.0,84.0,1.0254777070063694,1.0
64e6a260-f309-4f3a-b810-fe2289d96d4a,297,True,"[(936, 144)]",936,144,290,63,936,936,1080,1080,936,1080,936,1080,936,1080,936,1080,936,1080,936,1080,936,1080,936,1080,936,1080,936,1080,936,1080.0,936.0,1080.0,936.0,1080.0,936.0,1080.0,936.0,1.0,1.0
64e6a260-f309-4f3a-b810-fe2289d96d4a,297,True,"[(144, 936)]",144,936,63,290,144,144,1080,1080,144,1080,144,1080,144,1080,144,1080,144,1080,144,1080,144,1080,144,1080,144,1080,144,1080,144,1080.0,144.0,1080.0,144.0,1080.0,144.0,1080.0,144.0,1.0,1.0
55b4f91b-19e6-4154-957e-630e549ca767,11,False,"[(116, 259), (181, 236)]",288,354,80,110,288,116,375,375,116,417,181,375,116,375,116,417,181,417,181,417,181,375,116,375,116,417,181,375,116,411.75,172.875,389.2914,138.1177,375.00300000000004,116.00470000000001,375.0,116.0,1.112,1.0
55b4f91b-19e6-4154-957e-630e549ca767,11,False,"[(259, 116), (236, 181)]",354,288,110,80,354,259,375,375,259,417,236,375,259,375,259,417,236,417,236,417,236,375,259,375,259,417,236,375,259,411.75,238.875,389.2914,251.1737,375.00300000000004,258.9983,375.0,259.0,1.112,1.0
b7129894-97bc-4deb-a32c-13f296f0128f,12,False,"[(71, 60), (78, 55)]",210,222,47,46,210,69,127,133,78,131,71,131,71,131,71,131,71,131,71,131,71,131,71,131,71,133,78,131,71,131.0,71.0,131.74570000000006,73.61000000000001,131.0,71.0,131.0,71.0,1.047244094488189,1.031496062992126
b7129894-97bc-4deb-a32c-13f296f0128f,12,False,"[(60, 71), (55, 78)]",222,210,46,47,222,58,127,133,55,131,60,131,60,131,60,131,60,131,60,131,60,131,60,131,60,133,55,131,60,131.0,60.0,131.74570000000006,58.135700000000014,131.0,60.0,131.0,60.0,1.047244094488189,1.031496062992126
4c10e451-276f-4af3-a96c-0862cb55f957,22,False,"[(48, 71), (52, 63), (85, 62)]",200,200,39,43,200,51,113,119,48,115,52,115,52,115,52,115,52,115,52,115,52,115,52,115,52,147,85,115,52,125.35300000000001,62.676500000000004,115.90499999999997,51.095,115.0,52.0,115.0,52.0,1.3008849557522124,1.0176991150442478
4c10e451-276f-4af3-a96c-0862cb55f957,22,False,"[(71, 48), (63, 52), (62, 85)]",200,200,43,39,200,62,113,119,71,115,63,115,63,115,63,115,63,115,63,115,63,115,63,115,63,147,62,115,63,125.35300000000001,62.676500000000004,115.90499999999997,64.81,115.0,63.0,115.0,63.0,1.3008849557522124,1.0176991150442478
3a3794ca-8ca7-45e8-a35e-5c881bd0cb85,22,False,"[(117, 62), (74, 107), (105, 72), (92, 103)]",200,144,64,44,200,113,171,179,117,195,92,177,105,177,105,195,92,179,117,177,105,179,117,177,105,195,92,177,105,179.0,117.0,177.73770000000002,99.2834,177.7167,109.3,177.0,105.0,1.1403508771929824,1.0350877192982457
3a3794ca-8ca7-45e8-a35e-5c881bd0cb85,22,False,"[(62, 117), (107, 74), (72, 105), (103, 92)]",144,200,44,64,144,58,171,179,62,195,103,177,72,177,72,195,103,179,62,177,72,179,62,177,72,195,103,177,72,179.0,62.0,177.73770000000002,78.4543,177.7167,68.4167,177.0,72.0,1.1403508771929824,1.0350877192982457
07cbe2fc-b672-420a-a226-37ea77305611,23,False,"[(84, 73), (92, 69)]",276,276,63,60,276,83,155,161,92,157,84,157,84,157,84,157,84,157,84,157,84,157,84,157,84,161,92,157,84,157.0,84.0,158.26739999999995,86.53469999999999,157.0,84.0,157.0,84.0,1.038709677419355,1.0129032258064516
07cbe2fc-b672-420a-a226-37ea77305611,23,False,"[(73, 84), (69, 92)]",276,276,60,63,276,72,155,161,69,157,73,157,73,157,73,157,73,157,73,157,73,157,73,157,73,161,69,157,73,157.0,73.0,158.26739999999995,71.7327,157.0,73.0,157.0,73.0,1.038709677419355,1.0129032258064516
b52bf67a-964d-43e2-a1ec-1d68e34a1727,0,False,"[(135, 158)]",430,464,124,131,430,138,287,293,135,293,135,293,135,293,135,293,135,293,135,293,135,293,135,293,135,293,135,293,135,293.0,135.0,293.0,135.0,293.0,135.0,293.0,135.0,1.0209059233449478,1.0209059233449478
b52bf67a-964d-43e2-a1ec-1d68e34a1727,0,False,"[(158, 135)]",464,430,131,124,464,149,287,293,158,293,158,293,158,293,158,293,158,293,158,293,158,293,158,293,158,293,158,293,158,293.0,158.0,293.0,158.0,293.0,158.0,293.0,158.0,1.0209059233449478,1.0209059233449478
92e06b2b-e048-49ac-973c-c11c230722e7,22,False,"[(143, 176), (134, 189)]",420,430,123,123,420,143,319,323,134,319,143,319,143,319,143,319,143,319,143,319,143,319,143,319,143,323,134,319,143,319.0,143.0,320.523,139.57330000000002,319.0,143.0,319.0,143.0,1.0125391849529781,1.0
92e06b2b-e048-49ac-973c-c11c230722e7,22,False,"[(176, 143), (189, 134)]",430,420,123,123,430,176,319,323,189,319,176,319,176,319,176,319,176,319,176,319,176,319,176,319,176,323,189,319,176,319.0,176.0,320.523,180.9497,319.0,176.0,319.0,176.0,1.0125391849529781,1.0
1eb37676-6c7d-4b6c-86fd-ba03b3d11c88,0,True,"[(72, 95)]",210,244,61,68,210,72,167,167,72,167,72,167,72,167,72,167,72,167,72,167,72,167,72,167,72,167,72,167,72,167.0,72.0,167.0,72.0,167.0,72.0,167.0,72.0,1.0,1.0
1eb37676-6c7d-4b6c-86fd-ba03b3d11c88,0,True,"[(95, 72)]",244,210,68,61,244,95,167,167,95,167,95,167,95,167,95,167,95,167,95,167,95,167,95,167,95,167,95,167,95,167.0,95.0,167.0,95.0,167.0,95.0,167.0,95.0,1.0,1.0
d785c1ba-48fc-4371-940f-718b74dbc420,23,False,"[(73, 62), (64, 75), (60, 83)]",232,232,51,51,232,73,135,143,60,135,73,135,73,135,73,135,73,135,73,135,73,135,73,135,73,143,60,135,73,137.0,68.5,137.34730000000002,67.7185,135.00009999999997,72.9999,135.0,73.0,1.0592592592592593,1.0
d785c1ba-48fc-4371-940f-718b74dbc420,23,False,"[(62, 73), (75, 64), (83, 60)]",232,232,51,51,232,62,135,143,83,135,62,135,62,135,62,135,62,135,62,135,62,135,62,135,62,143,83,135,62,137.0,68.5,137.34730000000002,69.62880000000001,135.00009999999997,62.00020000000001,135.0,62.0,1.0592592592592593,1.0
4e199f30-20b4-40f5-8986-14a716c2b48a,22,False,"[(86, 63), (78, 67)]",200,200,54,54,200,77,143,149,86,145,78,145,78,145,78,145,78,145,78,145,78,145,78,145,78,149,86,145,78,145.0,78.0,146.2323,80.4646,145.0,78.0,145.0,78.0,1.0419580419580419,1.013986013986014
4e199f30-20b4-40f5-8986-14a716c2b48a,22,False,"[(63, 86), (67, 78)]",200,200,54,54,200,66,143,149,63,145,67,145,67,145,67,145,67,145,67,145,67,145,67,145,67,149,63,145,67,145.0,67.0,146.2323,65.76769999999999,145.0,67.0,145.0,67.0,1.0419580419580419,1.013986013986014
f0012949-4e7b-4703-a9b2-8592a785391a,0,False,"[(165, 188)]",298,332,91,98,298,168,347,353,165,353,165,353,165,353,165,353,165,353,165,353,165,353,165,353,165,353,165,353,165,353.0,165.0,353.0,165.0,353.0,165.0,353.0,165.0,1.0172910662824208,1.0172910662824208
f0012949-4e7b-4703-a9b2-8592a785391a,0,False,"[(188, 165)]",332,298,98,91,332,179,347,353,188,353,188,353,188,353,188,353,188,353,188,353,188,353,188,353,188,353,188,353,188,353.0,188.0,353.0,188.0,353.0,188.0,353.0,188.0,1.0172910662824208,1.0172910662824208
e16af549-9dfc-43e6-9b36-61bb657d01ea,0,False,"[(76, 53), (68, 57), (59, 70)]",190,144,47,40,190,67,123,129,76,125,68,125,68,125,68,125,68,129,76,125,68,125,68,125,68,129,59,125,68,129.0,76.0,125.46789999999999,66.9473,125.0001,68.0002,125.0,68.0,1.048780487804878,1.016260162601626
e16af549-9dfc-43e6-9b36-61bb657d01ea,0,False,"[(53, 76), (57, 68), (70, 59)]",144,190,40,47,144,56,123,129,53,125,57,125,57,125,57,125,57,129,53,125,57,125,57,125,57,129,70,125,57,129.0,53.0,125.46789999999999,58.5206,125.0001,56.9999,125.0,57.0,1.048780487804878,1.016260162601626
d9d62b89-637d-4d3f-a796-cbceac1aa821,11,True,"[(59, 82)]",210,210,48,52,210,59,141,141,59,141,59,141,59,141,59,141,59,141,59,141,59,141,59,141,59,141,59,141,59,141.0,59.0,141.0,59.0,141.0,59.0,141.0,59.0,1.0,1.0
d9d62b89-637d-4d3f-a796-cbceac1aa821,11,True,"[(82, 59)]",210,210,52,48,210,82,141,141,82,141,82,141,82,141,82,141,82,141,82,141,82,141,82,141,82,141,82,141,82,141.0,82.0,141.0,82.0,141.0,82.0,141.0,82.0,1.0,1.0
a70d16d6-36d8-4ef4-91b3-4640e2754579,0,False,"[(130, 97), (138, 93), (88, 133)]",210,278,74,93,210,88,221,221,88,227,130,221,88,221,88,227,130,221,88,221,88,221,88,221,88,231,138,221,88,221.0,88.0,223.40750000000003,104.8525,221.0,88.0,221.0,88.0,1.0452488687782806,1.0
a70d16d6-36d8-4ef4-91b3-4640e2754579,0,False,"[(97, 130), (93, 138), (133, 88)]",278,210,93,74,278,133,221,221,133,227,97,221,133,221,133,227,97,221,133,221,133,221,133,221,133,231,93,221,133,221.0,133.0,223.40750000000003,118.555,221.0,133.0,221.0,133.0,1.0452488687782806,1.0
b520da9b-67fe-4054-8168-7b7d5c8a297f,0,False,"[(82, 59), (69, 80)]",190,144,60,45,190,82,141,141,82,149,69,141,82,141,82,149,69,141,82,141,82,141,82,141,82,149,69,141,82,141.0,82.0,143.4246,78.0601,141.0,82.0,141.0,82.0,1.0567375886524824,1.0
b520da9b-67fe-4054-8168-7b7d5c8a297f,0,False,"[(59, 82), (80, 69)]",144,190,45,60,144,59,141,141,59,149,80,141,59,141,59,149,80,141,59,141,59,141,59,141,59,149,80,141,59,141.0,59.0,143.4246,65.3645,141.0,59.0,141.0,59.0,1.0567375886524824,1.0
56f80f0a-6702-46dc-8007-31b6a6113c89,22,False,"[(105, 128)]",222,222,96,105,222,105,233,233,105,233,105,233,105,233,105,233,105,233,105,233,105,233,105,233,105,233,105,233,105,233.0,105.0,233.0,105.0,233.0,105.0,233.0,105.0,1.0,1.0
56f80f0a-6702-46dc-8007-31b6a6113c89,22,False,"[(128, 105)]",222,222,105,96,222,128,233,233,128,233,128,233,128,233,128,233,128,233,128,233,128,233,128,233,128,233,128,233,128,233.0,128.0,233.0,128.0,233.0,128.0,233.0,128.0,1.0,1.0
3d61e39b-05c0-4545-8214-d321a3634cf1,11,False,"[(78, 67), (68, 79)]",210,188,63,56,210,78,145,145,78,145,78,145,78,145,78,145,78,145,78,145,78,145,78,145,78,147,68,145,78,145.0,78.0,145.8304,73.8476,145.0,78.0,145.0,78.0,1.013793103448276,1.0
3d61e39b-05c0-4545-8214-d321a3634cf1,11,False,"[(67, 78), (79, 68)]",188,210,56,63,188,67,145,145,67,145,67,145,67,145,67,145,67,145,67,145,67,145,67,145,67,147,79,145,67,145.0,67.0,145.8304,71.9828,145.0,67.0,145.0,67.0,1.013793103448276,1.0
eba75db3-9166-4399-804e-dc8e19bfdf21,1,False,"[(88, 65)]",222,210,59,56,222,79,147,153,88,153,88,153,88,153,88,153,88,153,88,153,88,153,88,153,88,153,88,153,88,153.0,88.0,153.0,88.0,153.0,88.0,153.0,88.0,1.0408163265306123,1.0408163265306123
eba75db3-9166-4399-804e-dc8e19bfdf21,1,False,"[(65, 88)]",210,222,56,59,210,68,147,153,65,153,65,153,65,153,65,153,65,153,65,153,65,153,65,153,65,153,65,153,65,153.0,65.0,153.0,65.0,153.0,65.0,153.0,65.0,1.0408163265306123,1.0408163265306123
50f8b9de-bedd-4af2-993e-5a525873b35f,22,False,"[(68, 91), (69, 58)]",200,188,43,47,200,69,127,127,69,127,69,127,69,127,69,127,69,127,69,127,69,127,69,127,69,159,68,127,69,127.0,69.0,127.9273,68.971,127.0,69.0,127.0,69.0,1.2519685039370079,1.0
50f8b9de-bedd-4af2-993e-5a525873b35f,22,False,"[(91, 68), (58, 69)]",188,200,47,43,188,58,127,127,58,127,58,127,58,127,58,127,58,127,58,127,58,127,58,127,58,159,91,127,58,127.0,58.0,127.9273,58.9563,127.0,58.0,127.0,58.0,1.2519685039370079,1.0
f133bc2a-e2a5-4362-a277-12c8a2032887,11,False,"[(108, 163)]",232,298,97,136,232,108,271,271,108,271,108,271,108,271,108,271,108,271,108,271,108,271,108,271,108,271,108,271,108,271.0,108.0,271.0,108.0,271.0,108.0,271.0,108.0,1.0,1.0
f133bc2a-e2a5-4362-a277-12c8a2032887,11,False,"[(163, 108)]",298,232,136,97,298,163,271,271,163,271,163,271,163,271,163,271,163,271,163,271,163,271,163,271,163,271,163,271,163,271.0,163.0,271.0,163.0,271.0,163.0,271.0,163.0,1.0,1.0
39c2288a-6175-495b-b2e8-3e9b6d8dbb1d,22,False,"[(85, 62)]",200,200,67,48,200,76,141,147,85,147,85,147,85,147,85,147,85,147,85,147,85,147,85,147,85,147,85,147,85,147.0,85.0,147.0,85.0,147.0,85.0,147.0,85.0,1.0425531914893618,1.0425531914893618
39c2288a-6175-495b-b2e8-3e9b6d8dbb1d,22,False,"[(62, 85)]",200,200,48,67,200,65,141,147,62,147,62,147,62,147,62,147,62,147,62,147,62,147,62,147,62,147,62,147,62,147.0,62.0,147.0,62.0,147.0,62.0,147.0,62.0,1.0425531914893618,1.0425531914893618
fd7995ef-97ca-4237-aae0-44ea727a8b05,0,False,"[(332, 355)]",1156,1202,318,337,1156,335,681,687,332,687,332,687,332,687,332,687,332,687,332,687,332,687,332,687,332,687,332,687,332,687.0,332.0,687.0,332.0,687.0,332.0,687.0,332.0,1.0088105726872247,1.0088105726872247
fd7995ef-97ca-4237-aae0-44ea727a8b05,0,False,"[(355, 332)]",1202,1156,337,318,1202,346,681,687,355,687,355,687,355,687,355,687,355,687,355,687,355,687,355,687,355,687,355,687,355,687.0,355.0,687.0,355.0,687.0,355.0,687.0,355.0,1.0088105726872247,1.0088105726872247
5080c020-f9ef-436f-8ffa-669b113d62a4,1,False,"[(123, 100)]",222,210,78,82,222,114,217,223,123,223,123,223,123,223,123,223,123,223,123,223,123,223,123,223,123,223,123,223,123,223.0,123.0,223.0,123.0,223.0,123.0,223.0,123.0,1.0276497695852536,1.0276497695852536
5080c020-f9ef-436f-8ffa-669b113d62a4,1,False,"[(100, 123)]",210,222,82,78,210,103,217,223,100,223,100,223,100,223,100,223,100,223,100,223,100,223,100,223,100,223,100,223,100,223.0,100.0,223.0,100.0,223.0,100.0,223.0,100.0,1.0276497695852536,1.0276497695852536
d1f78fcf-71be-479d-a3b3-0c7f9f9fa825,33,True,"[(166, 287), (165, 308), (148, 369), (152, 361)]",232,386,65,143,232,166,453,517,148,453,166,453,166,453,166,453,166,473,165,453,166,453,166,453,166,517,148,453,166,474.12,160.06,466.1543,162.3003,453.0,166.0,453.0,166.0,1.141280353200883,1.0
d1f78fcf-71be-479d-a3b3-0c7f9f9fa825,33,True,"[(287, 166), (308, 165), (369, 148), (361, 152)]",386,232,143,65,386,287,453,517,369,453,287,453,287,453,287,453,287,473,308,453,287,453,287,453,287,517,369,453,287,474.12,314.06,466.1543,303.854,453.0,287.0,453.0,287.0,1.141280353200883,1.0
ca511934-7e09-41ce-987a-d637d89bbc56,0,False,"[(90, 79), (57, 80)]",210,256,43,62,210,60,131,137,57,137,57,137,57,137,57,169,90,137,57,137,57,137,57,137,57,169,90,137,57,137.0,57.0,137.8168,57.842299999999994,137.0,57.0,137.0,57.0,1.2900763358778626,1.0458015267175573
ca511934-7e09-41ce-987a-d637d89bbc56,0,False,"[(79, 90), (80, 57)]",256,210,62,43,256,71,131,137,80,137,80,137,80,137,80,169,79,137,80,137,80,137,80,137,80,169,79,137,80,137.0,80.0,137.8168,79.9745,137.0,80.0,137.0,80.0,1.2900763358778626,1.0458015267175573
e51a5081-3203-4a9a-9d65-f3a4a2279a5d,0,False,"[(77, 66), (68, 79)]",190,144,59,52,190,77,143,143,77,143,77,143,77,143,77,143,77,143,77,143,77,143,77,143,77,147,68,143,77,143.0,77.0,144.2272,74.2386,143.0,77.0,143.0,77.0,1.027972027972028,1.0
e51a5081-3203-4a9a-9d65-f3a4a2279a5d,0,False,"[(66, 77), (79, 68)]",144,190,52,59,144,66,143,143,66,143,66,143,66,143,66,143,66,143,66,143,66,143,66,143,66,147,79,143,66,143.0,66.0,144.2272,69.9886,143.0,66.0,143.0,66.0,1.027972027972028,1.0
db493b4b-b0e2-4b5c-a997-a79f85fe22e8,22,False,"[(60, 71)]",222,210,51,52,222,60,131,131,60,131,60,131,60,131,60,131,60,131,60,131,60,131,60,131,60,131,60,131,60,131.0,60.0,131.0,60.0,131.0,60.0,131.0,60.0,1.0,1.0
db493b4b-b0e2-4b5c-a997-a79f85fe22e8,22,False,"[(71, 60)]",210,222,52,51,210,71,131,131,71,131,71,131,71,131,71,131,71,131,71,131,71,131,71,131,71,131,71,131,71,131.0,71.0,131.0,71.0,131.0,71.0,131.0,71.0,1.0,1.0
965c2062-c203-4663-b2d6-a72b19a14740,45,False,"[(152, 119), (156, 111)]",288,310,85,93,288,147,261,267,156,271,152,267,156,267,156,271,152,271,152,271,152,267,156,267,156,271,152,267,156,271.0,152.0,268.69,154.31,267.0,156.0,267.0,156.0,1.0383141762452108,1.0229885057471264
965c2062-c203-4663-b2d6-a72b19a14740,45,False,"[(119, 152), (111, 156)]",310,288,93,85,310,114,261,267,111,271,119,267,111,267,111,271,119,271,119,271,119,267,111,267,111,271,119,267,111,271.0,119.0,268.69,114.38,267.0,111.0,267.0,111.0,1.0383141762452108,1.0229885057471264
086b4ed6-d519-4e4f-b1ed-491750583af5,11,False,"[(106, 95)]",298,298,86,89,298,106,201,201,106,201,106,201,106,201,106,201,106,201,106,201,106,201,106,201,106,201,106,201,106,201.0,106.0,201.0,106.0,201.0,106.0,201.0,106.0,1.0,1.0
086b4ed6-d519-4e4f-b1ed-491750583af5,11,False,"[(95, 106)]",298,298,89,86,298,95,201,201,95,201,95,201,95,201,95,201,95,201,95,201,95,201,95,201,95,201,95,201,95,201.0,95.0,201.0,95.0,201.0,95.0,201.0,95.0,1.0,1.0
7af637ab-30e9-47c7-8004-ae3f33f14ce3,22,False,"[(50, 73), (54, 65), (67, 56)]",200,200,39,38,200,53,117,123,50,119,54,119,54,119,54,119,54,119,54,119,54,119,54,119,54,123,50,119,54,121.0,60.5,119.96089999999998,57.12289999999999,119.0,54.0,119.0,54.0,1.0512820512820513,1.017094017094017
7af637ab-30e9-47c7-8004-ae3f33f14ce3,22,False,"[(73, 50), (65, 54), (56, 67)]",200,200,38,39,200,64,117,123,73,119,65,119,65,119,65,119,65,119,65,119,65,119,65,119,65,123,73,119,65,121.0,60.5,119.96089999999998,62.837999999999994,119.0,65.0,119.0,65.0,1.0512820512820513,1.017094017094017
2e48bb47-2b80-41ea-bf9e-6bae3ea55b98,45,False,"[(123, 168)]",276,232,80,68,276,126,285,291,123,291,123,291,123,291,123,291,123,291,123,291,123,291,123,291,123,291,123,291,123,291.0,123.0,291.0,123.0,291.0,123.0,291.0,123.0,1.0210526315789474,1.0210526315789474
2e48bb47-2b80-41ea-bf9e-6bae3ea55b98,45,False,"[(168, 123)]",232,276,68,80,232,159,285,291,168,291,168,291,168,291,168,291,168,291,168,291,168,291,168,291,168,291,168,291,168,291.0,168.0,291.0,168.0,291.0,168.0,291.0,168.0,1.0210526315789474,1.0210526315789474
5cdce8b3-67e0-4d60-b4de-d7f94bba0315,0,False,"[(62, 85), (67, 44)]",200,166,42,40,200,67,111,111,67,111,67,111,67,111,67,147,62,111,67,111,67,111,67,111,67,147,62,111,67,111.0,67.0,114.50349999999997,66.51339999999999,111.0,67.0,111.0,67.0,1.3243243243243243,1.0
5cdce8b3-67e0-4d60-b4de-d7f94bba0315,0,False,"[(85, 62), (44, 67)]",166,200,40,42,166,44,111,111,44,111,44,111,44,111,44,147,85,111,44,111,44,111,44,111,44,147,85,111,44,111.0,44.0,114.50349999999997,47.9901,111.0,44.0,111.0,44.0,1.3243243243243243,1.0
9b0cace6-887a-4498-a042-66dfb880d106,0,False,"[(65, 42)]",190,144,47,31,190,65,107,107,65,107,65,107,65,107,65,107,65,107,65,107,65,107,65,107,65,107,65,107,65,107.0,65.0,107.0,65.0,107.0,65.0,107.0,65.0,1.0,1.0
9b0cace6-887a-4498-a042-66dfb880d106,0,False,"[(42, 65)]",144,190,31,47,144,42,107,107,42,107,42,107,42,107,42,107,42,107,42,107,42,107,42,107,42,107,42,107,42,107.0,42.0,107.0,42.0,107.0,42.0,107.0,42.0,1.0,1.0
d2c18d3a-6ad9-4039-911a-1854515f2ca3,22,False,"[(75, 64), (62, 73), (59, 82)]",200,200,48,55,200,62,135,141,59,135,62,135,62,135,62,139,75,135,62,135,62,135,62,135,62,141,59,135,62,137.0,68.5,136.13400000000001,65.68549999999999,135.00009999999997,62.0001,135.0,62.0,1.0444444444444445,1.0
d2c18d3a-6ad9-4039-911a-1854515f2ca3,22,False,"[(64, 75), (73, 62), (82, 59)]",200,200,55,48,200,73,135,141,82,135,73,135,73,135,73,139,64,135,73,135,73,135,73,135,73,141,82,135,73,137.0,68.5,136.13400000000001,70.4485,135.00009999999997,73.0,135.0,73.0,1.0444444444444445,1.0
746797b1-0890-4625-b679-5aa065b5d854,23,False,"[(74, 97), (78, 89), (96, 85)]",210,188,60,70,210,77,165,171,74,167,78,167,78,167,78,167,78,181,96,181,96,167,78,167,78,181,96,167,78,181.0,96.0,167.7706,78.99080000000001,167.0,78.0,167.0,78.0,1.096969696969697,1.0121212121212122
746797b1-0890-4625-b679-5aa065b5d854,23,False,"[(97, 74), (89, 78), (85, 96)]",188,210,70,60,188,88,165,171,97,167,89,167,89,167,89,167,89,181,85,181,85,167,89,167,89,181,85,167,89,181.0,85.0,167.7706,88.7798,167.0,89.0,167.0,89.0,1.096969696969697,1.0121212121212122
60e33ec4-61a1-4d78-93c4-8d025cfe6b31,22,False,"[(100, 77), (92, 103)]",222,222,68,72,222,91,171,177,100,177,100,177,100,177,100,195,92,177,100,177,100,177,100,177,100,195,92,177,100,189.1764,94.5882,181.59910000000002,97.9559,177.0,100.0,177.0,100.0,1.1403508771929824,1.0350877192982457
60e33ec4-61a1-4d78-93c4-8d025cfe6b31,22,False,"[(77, 100), (103, 92)]",222,222,72,68,222,80,171,177,77,177,77,177,77,177,77,195,103,177,77,177,77,177,77,177,77,195,103,177,77,189.1764,94.5882,181.59910000000002,83.64320000000001,177.0,77.0,177.0,77.0,1.1403508771929824,1.0350877192982457
39bb7bd6-d071-4f19-ae19-945c5a6c0220,22,False,"[(96, 73)]",222,222,64,73,222,87,163,169,96,169,96,169,96,169,96,169,96,169,96,169,96,169,96,169,96,169,96,169,96,169.0,96.0,169.0,96.0,169.0,96.0,169.0,96.0,1.0368098159509203,1.0368098159509203
39bb7bd6-d071-4f19-ae19-945c5a6c0220,22,False,"[(73, 96)]",222,222,73,64,222,76,163,169,73,169,73,169,73,169,73,169,73,169,73,169,73,169,73,169,73,169,73,169,73,169.0,73.0,169.0,73.0,169.0,73.0,169.0,73.0,1.0368098159509203,1.0368098159509203
c895ad9d-7286-45f5-8628-b525056ae401,23,True,"[(86, 97)]",232,166,68,53,232,86,183,183,86,183,86,183,86,183,86,183,86,183,86,183,86,183,86,183,86,183,86,183,86,183.0,86.0,183.0,86.0,183.0,86.0,183.0,86.0,1.0,1.0
c895ad9d-7286-45f5-8628-b525056ae401,23,True,"[(97, 86)]",166,232,53,68,166,97,183,183,97,183,97,183,97,183,97,183,97,183,97,183,97,183,97,183,97,183,97,183,97,183.0,97.0,183.0,97.0,183.0,97.0,183.0,97.0,1.0,1.0
f2e91729-c427-4256-8184-94b743acc13f,22,False,"[(56, 79), (85, 62), (65, 76)]",200,188,47,47,200,59,129,135,56,141,65,135,56,135,56,141,65,147,85,141,65,135,56,135,56,147,85,135,56,144.1304,78.0652,139.8141,67.63419999999999,135.0,56.0,135.0,56.0,1.1395348837209303,1.0465116279069768
f2e91729-c427-4256-8184-94b743acc13f,22,False,"[(79, 56), (62, 85), (76, 65)]",188,200,47,47,188,70,129,135,79,141,76,135,79,135,79,141,76,147,62,141,76,135,79,135,79,147,62,135,79,144.1304,66.0652,139.8141,72.1799,135.0,79.0,135.0,79.0,1.1395348837209303,1.0465116279069768
